compound_id,canonical_smiles,fold,is_binder,pKD_global_mean,oof_p_binder_xgb_rdkit_fp
1167298751,CN(CC1CCCNC1)C(=O)c1ccc(=O)n(Cc2ccccc2Cl)c1,0,false,2.8363811201272076,0.12685683369636536
1181032117,NC(=O)C1CCN1C(=O)NC1CCN(c2ccccc2Cl)C1=O,5,false,2.365909297963787,0.05994700640439987
173355673,CN(CC1CCCO1)C(=O)c1ccc(=O)n(Cc2ccccc2Cl)c1,0,false,2.751116081281551,0.1282876580953598
268757722,O=C(Nc1ncccc1O)C1CC(=O)N(c2c(F)cccc2F)C1,0,false,2.8682547832756664,0.25296512246131897
302181339,CN1CCC(N(C)C(=O)c2ccc(=O)n(Cc3ccccc3Cl)c2)C1=O,0,false,2.881901889586504,0.10025569051504135
342853879,Cc1ccc(S(C)(=O)=O)cc1C(=O)NC1CCN(c2ccccc2Cl)C1=O,5,false,2.6933148710185884,0.09263157844543457
354012616,Cc1ccc(NC(=O)C(=O)NC2CCN(c3ccccc3Cl)C2=O)cc1,5,false,2.4511834020634047,0.053712546825408936
427095899,Cc1ccc(NC2CCCN(c3ccccc3)C2=O)cc1C(N)=O,5,false,2.9864723841983007,0.04455643147230148
444853644,COc1ccccc1N1CCCC(Nc2ccc(C)c(C(N)=O)c2)C1=O,5,false,2.9173368754446702,0.06752447038888931
543294655,Cc1cc(=O)[nH]cc1C(=O)NC1CCN(c2ccccc2Cl)C1=O,5,false,2.45415781378126,0.0763295367360115
773212998,CC(C)N1CCC(N(C)C(=O)c2ccc(=O)n(Cc3ccccc3Cl)c2)C1,0,false,2.977942440727496,0.11314623057842255
97315646,CCN(CC(=O)N(C)C)C(=O)c1ccc(=O)n(Cc2ccccc2Cl)c1,0,false,2.670745192395454,0.10580354928970337
CF-10-034,COc1cc2nc(C(=O)O)nc(Nc3ccc(-c4ncccn4)cc3)c2cc1OC,1,false,0.7935955610654086,0.4237036108970642
CF-10-045,COc1cc2nc(N3CCN(C(C)=O)CC3)nc(Nc3ccc(-c4ncccn4)cc3)c2cc1OC,1,true,5.376361287678498,0.5017755031585693
CF-10-050,COc1cc2nc(N3CCC(C(=O)O)CC3)nc(Nc3ccc(-c4ncccn4)cc3)c2cc1OC,1,true,5.5521924334854065,0.5170683264732361
CF-10-051,COc1cc2nc(N(C)CCO)nc(Nc3ccc(-c4ncccn4)cc3)c2cc1OC,1,false,1.4009037918627234,0.5150734186172485
CF-10-061,COc1cc2nc(NCc3ccccc3)nc(Nc3ccc(-c4ncccn4)cc3)c2cc1OC,1,true,5.3564702309489896,0.49000516533851624
CF-10-063,COc1cc2nc(NCCO)nc(Nc3ccc(-c4ncccn4)cc3)c2cc1OC,1,true,6.119865879807937,0.5352998971939087
CF-10-065,COc1cc2nc(NCC(=O)O)nc(Nc3ccc(-c4ncccn4)cc3)c2cc1OC,1,false,0.6955934447483199,0.5165082812309265
CF-10-066,CNC(=O)CNc1nc(Nc2ccc(-c3ncccn3)cc2)c2cc(OC)c(OC)cc2n1,1,false,1.0080588111465805,0.4669731855392456
CF-10-071,COc1cc2nc(OCCO)nc(Nc3ccc(-c4ncccn4)cc3)c2cc1OC.O=CO,1,false,0.3479859922314758,0.48568424582481384
CF-10-073,COc1cc2nc(OCC(=O)O)nc(Nc3ccc(-c4ncccn4)cc3)c2cc1OC,1,true,5.246886067269574,0.48568424582481384
CF-10-074,CNC(=O)COc1nc(Nc2ccc(-c3ncccn3)cc2)c2cc(OC)c(OC)cc2n1,1,false,0.032534178134083484,0.5159866213798523
CF-10-075,CCOCCNC(=O)COc1nc(Nc2ccc(-c3ncccn3)cc2)c2cc(OC)c(OC)cc2n1,1,false,0.37890078855742476,0.47248679399490356
CF-2-09,COc1ccccc1NC1CCN(c2ccccc2Cl)C1=O,5,false,2.7767806837113187,0.056910037994384766
CF-2-102,CN1CCN(C(=O)c2ccc(N[C@H]3CCN(c4ccccc4F)C3=O)cc2)CC1,5,false,-0.4931510078333014,0.05891712009906769
CF-2-103,CN1CCC(CNC(=O)c2ccc(N[C@H]3CCN(c4ccccc4F)C3=O)cc2)CC1,5,false,-0.604841704977382,0.051515888422727585
CF-2-105,O=C(Nc1ccccc1)c1ccc(N[C@H]2CCN(c3ccccc3F)C2=O)cc1,5,false,0.15043813180995477,0.07364854961633682
CF-2-106,CN(C)CCNC(=O)c1ccc(N[C@H]2CCN(c3ccccc3Cl)C2=O)cc1,5,false,-0.4472806361978953,0.045212555676698685
CF-2-108,CC(=O)N1CCN(C(=O)c2ccc(N[C@H]3CCN(c4ccccc4Cl)C3=O)cc2)CC1,5,false,-0.4429961720795169,0.05552554130554199
CF-2-109,CN1CCC(NC(=O)c2ccc(N[C@H]3CCN(c4ccccc4Cl)C3=O)cc2)CC1,5,false,-0.4304356549637877,0.05946192145347595
CF-2-111,NCCCNC(=O)c1ccc(N[C@H]2CCN(c3ccccc3Cl)C2=O)cc1,5,false,2.8364806538058462,0.04302261397242546
CF-2-112,CN(CCCNC(=O)OC(C)(C)C)C(=O)c1ccc(N[C@H]2CCN(c3ccccc3Cl)C2=O)cc1,5,false,0.4915666125393126,0.05217628926038742
CF-2-114,CN1CCN(C(=O)c2ccc(N[C@H]3CCN(c4ccccc4Cl)C3=O)cc2)CC1,5,false,-0.5736485094149807,0.053342241793870926
CF-2-115,CN1CCC(CNC(=O)c2ccc(N[C@H]3CCN(c4ccccc4Cl)C3=O)cc2)CC1,5,false,0.04693972444836963,0.04381408542394638
CF-2-117,O=C(Nc1ccccc1)c1ccc(N[C@H]2CCN(c3ccccc3Cl)C2=O)cc1,5,false,-0.8128289894242487,0.1031390056014061
CF-2-118,CN(C)CCNC(=O)c1cccc(N[C@H]2CCN(c3ccccc3F)C2=O)c1,5,false,2.9142259004652944,0.04778274521231651
CF-2-119,CN(C)CCN(C)C(=O)c1cccc(N[C@H]2CCN(c3ccccc3F)C2=O)c1,5,false,0.4156960224759323,0.0563473105430603
CF-2-120,CC(=O)N1CCN(C(=O)c2cccc(N[C@H]3CCN(c4ccccc4F)C3=O)c2)CC1,5,false,2.4416289068500148,0.06086242198944092
CF-2-121,CN1CCC(NC(=O)c2cccc(N[C@H]3CCN(c4ccccc4F)C3=O)c2)CC1,5,false,-0.5246513839194187,0.06389493495225906
CF-2-122,CC(C)(C)OC(=O)NCCCNC(=O)c1cccc(N[C@H]2CCN(c3ccccc3F)C2=O)c1,5,false,2.7785217054977482,0.05636493116617203
CF-2-123,NCCCNC(=O)c1cccc(N[C@H]2CCN(c3ccccc3F)C2=O)c1,5,false,2.949706990973341,0.045994833111763
CF-2-126,CN1CCN(C(=O)c2cccc(N[C@H]3CCN(c4ccccc4F)C3=O)c2)CC1,5,false,-0.13443833130731178,0.0563473105430603
CF-2-127,CN1CCC(CNC(=O)c2cccc(N[C@H]3CCN(c4ccccc4F)C3=O)c2)CC1,5,false,-0.35210328801459784,0.0521499402821064
CF-2-128,O=C(NCc1ccccc1)c1cccc(N[C@H]2CCN(c3ccccc3F)C2=O)c1,5,false,1.7434259932658895,0.0546795129776001
CF-2-130,CN(C)CCNC(=O)c1ccnc(N[C@H]2CCN(c3ccccc3Cl)C2=O)c1,5,false,2.7533878027660745,0.10200049728155136
CF-2-132,CC(=O)N1CCN(C(=O)c2ccnc(N[C@H]3CCN(c4ccccc4Cl)C3=O)c2)CC1,5,false,0.10011850246257825,0.12880395352840424
CF-2-133,CN1CCC(NC(=O)c2ccnc(N[C@H]3CCN(c4ccccc4Cl)C3=O)c2)CC1,5,false,1.8134914007633611,0.09468452632427216
CF-2-134,CC(C)(C)OC(=O)NCCCNC(=O)c1ccnc(N[C@H]2CCN(c3ccccc3Cl)C2=O)c1,5,false,-0.5338569645679782,0.0975731834769249
CF-2-135,NCCCNC(=O)c1ccnc(N[C@H]2CCN(c3ccccc3Cl)C2=O)c1,5,false,2.8834071720673347,0.09317847341299057
CF-2-136,CN(CCCNC(=O)OC(C)(C)C)C(=O)c1ccnc(N[C@H]2CCN(c3ccccc3Cl)C2=O)c1,5,false,-0.05558148200310212,0.0988302230834961
CF-2-137,CN(CCCN)C(=O)c1ccnc(N[C@H]2CCN(c3ccccc3Cl)C2=O)c1,5,false,-0.05993753228093293,0.09423930943012238
CF-2-139,CN1CCC(CNC(=O)c2ccnc(N[C@H]3CCN(c4ccccc4Cl)C3=O)c2)CC1,5,false,2.202012212107503,0.08810367435216904
CF-2-140,O=C(NCc1ccccc1)c1ccnc(N[C@H]2CCN(c3ccccc3Cl)C2=O)c1,5,false,-0.6527516692990689,0.1024288609623909
CF-2-141,O=C(Nc1ccccc1)c1ccnc(N[C@H]2CCN(c3ccccc3Cl)C2=O)c1,5,false,-0.28781812275780067,0.1436193436384201
CF-2-142,CN(C)CCNC(=O)c1ccnc(N[C@H]2CCN(c3ccccc3F)C2=O)c1,5,false,-0.38663195149416096,0.07073251903057098
CF-2-143,CN(C)CCN(C)C(=O)c1ccnc(N[C@H]2CCN(c3ccccc3F)C2=O)c1,5,false,-0.6125481700100146,0.09019403159618378
CF-2-145,CN1CCC(NC(=O)c2ccnc(N[C@H]3CCN(c4ccccc4F)C3=O)c2)CC1,5,false,-0.7856982300802697,0.06463218480348587
CF-2-146,CC(C)(C)OC(=O)NCCCNC(=O)c1ccnc(N[C@H]2CCN(c3ccccc3F)C2=O)c1,5,false,-0.1861456673935675,0.0788642019033432
CF-2-147,NCCCNC(=O)c1ccnc(N[C@H]2CCN(c3ccccc3F)C2=O)c1,5,false,2.6084171913066685,0.06442082673311234
CF-2-148,CN(CCCNC(=O)OC(C)(C)C)C(=O)c1ccnc(N[C@H]2CCN(c3ccccc3F)C2=O)c1,5,false,-0.012854764186705026,0.0788642019033432
CF-2-150,CN1CCN(C(=O)c2ccnc(N[C@H]3CCN(c4ccccc4F)C3=O)c2)CC1,5,false,2.3385388523938104,0.09019403159618378
CF-2-152,O=C(NCc1ccccc1)c1ccnc(N[C@H]2CCN(c3ccccc3F)C2=O)c1,5,false,-0.9661154269529021,0.07103994488716125
CF-2-153,O=C(Nc1ccccc1)c1ccnc(N[C@H]2CCN(c3ccccc3F)C2=O)c1,5,false,-0.4885389016823467,0.0851011797785759
CF-2-156,CC(=O)N1CCN(C(=O)c2cc(N[C@H]3CCN(c4ccccc4Cl)C3=O)ccc2C)CC1,5,false,0.7883291013192472,0.051327940076589584
CF-2-157,Cc1ccc(N[C@H]2CCN(c3ccccc3Cl)C2=O)cc1C(=O)NC1CCN(C)CC1,5,false,2.717560100472961,0.06902088969945908
CF-2-160,Cc1ccc(N[C@H]2CCN(c3ccccc3Cl)C2=O)cc1C(=O)N(C)CCCNC(=O)OC(C)(C)C,5,false,2.909394634657932,0.062278490513563156
CF-2-161,Cc1ccc(N[C@H]2CCN(c3ccccc3Cl)C2=O)cc1C(=O)N(C)CCCN.Cl,5,false,-0.6415652984903014,0.05372326821088791
CF-2-162,Cc1ccc(N[C@H]2CCN(c3ccccc3Cl)C2=O)cc1C(=O)N1CCN(C)CC1,5,false,-0.04531573320478738,0.047484371811151505
CF-2-163,Cc1ccc(N[C@H]2CCN(c3ccccc3Cl)C2=O)cc1C(=O)NCC1CCN(C)CC1,5,false,2.5418534528173042,0.050993937999010086
CF-2-167,Cc1ccc(N[C@H]2CCN(c3ccccc3F)C2=O)cc1C(=O)N(C)CCN(C)C.O=CO,5,false,2.857659851817425,0.05613108351826668
CF-2-168,CC(=O)N1CCN(C(=O)c2cc(N[C@H]3CCN(c4ccccc4F)C3=O)ccc2C)CC1,5,false,1.5756558594904384,0.0556507334113121
CF-2-169,Cc1ccc(N[C@H]2CCN(c3ccccc3F)C2=O)cc1C(=O)NC1CCN(C)CC1,5,false,2.4306240100975187,0.0751819759607315
CF-2-170,Cc1ccc(N[C@H]2CCN(c3ccccc3F)C2=O)cc1C(=O)NCCCNC(=O)OC(C)(C)C,5,false,-0.07811060728170272,0.0664161667227745
CF-2-178,O=C(CCOCCOCCOCCOCCOc1cccc2c1C(=O)N(C1CCC(=O)NC1=O)C2=O)NCCCNC(=O)c1ccc(N[C@H]2CCN(c3ccccc3F)C2=O)cc1,5,false,2.473066459538685,0.12393595278263092
CF-2-181,NC(=O)c1cc(N[C@H]2CCN(c3ccccc3)C2=O)ccc1Cl,5,false,2.505242889483347,0.1357857584953308
CF-2-184,COc1ccc(N2CC[C@H](Nc3ccc(Cl)c(C(N)=O)c3)C2=O)cc1,5,false,0.531769410246588,0.19606904685497284
CF-2-192,CCc1ccc(N2CC[C@H](Nc3ccc(Cl)c(C(N)=O)c3)C2=O)cc1,5,true,5.467107978679741,0.17704810202121735
CF-2-194,Cc1ccc(N2CC[C@H](Nc3ccc(Cl)c(C(=O)NCCC(F)(F)F)c3)C2=O)cc1,5,false,-0.5955812803060881,0.1237652376294136
CF-2-195,Cc1ccc(N2CC[C@H](Nc3ccc(Cl)c(C(=O)NCCc4c[nH]c5ccccc45)c3)C2=O)cc1,5,false,-0.8665098892560215,0.3025427460670471
CF-2-197,Cc1ccc(N2CC[C@H](Nc3ccc(Cl)c(C(=O)N4CCN(C)CC4)c3)C2=O)cc1,5,false,-0.811795914286607,0.1352083683013916
CF-2-199,Cc1ccc(N2CC[C@H](Nc3ccc(Cl)c(C(=O)N4CCOCC4)c3)C2=O)cc1,5,false,2.151859157259673,0.17277809977531433
CF-2-200,Cc1ccc(N2CC[C@H](Nc3ccc(Cl)c(C(=O)NC4CCN(C)CC4)c3)C2=O)cc1,5,false,0.6983577589329186,0.13481351733207703
CF-2-201,CC(=O)N1CCC(NC(=O)c2cc(N[C@H]3CCN(c4ccc(C)cc4)C3=O)ccc2Cl)CC1,5,false,0.1170122021521509,0.14116334915161133
CF-2-205,Cc1ccc(N2CC[C@H](Nc3ccc(Cl)c(C(=O)NCc4c[nH]cn4)c3)C2=O)cc1,5,true,6.337161471114092,0.14647632837295532
CF-2-206,Cc1ccc(N2CC[C@H](Nc3ccc(Cl)c(C(=O)NCc4cocn4)c3)C2=O)cc1,5,false,2.906614728813024,0.1484411060810089
CF-2-207,Cc1ccc(N2CC[C@H](Nc3ccc(Cl)c(C(=O)NCCNC(=O)OC(C)(C)C)c3)C2=O)cc1,5,false,-0.35560666616068043,0.1732451319694519
CF-2-209,Cc1ccc(N2CC[C@H](Nc3ccc(Cl)c(C(=O)NCCCNC(=O)OC(C)(C)C)c3)C2=O)cc1,5,false,-0.25476830796710037,0.14673209190368652
CF-2-211,COC(=O)CCNC(=O)c1cc(N[C@H]2CCN(c3ccc(C)cc3)C2=O)ccc1Cl,5,false,-0.07562744075826791,0.12711933255195618
CF-2-212,Cc1ccc(N2CC[C@H](Nc3ccc(Cl)c(C(=O)NCCC(=O)O)c3)C2=O)cc1,5,false,2.720692692548038,0.13179703056812286
CF-2-213,COC(=O)C1CCN(C(=O)c2cc(N[C@H]3CCN(c4ccc(C)cc4)C3=O)ccc2Cl)CC1,5,false,-0.41746191362273094,0.12398061901330948
CF-2-214,Cc1ccc(N2CC[C@H](Nc3ccc(Cl)c(C(=O)N4CCC(C(=O)O)CC4)c3)C2=O)cc1,5,false,-0.04607244630199226,0.12037338316440582
CF-2-216,Cc1ccc(N2CC[C@H](Nc3ccc(Cl)c(C(=O)N(C)CC(=O)O)c3)C2=O)cc1,5,false,2.313064655083397,0.17525994777679443
CF-2-217-Int-12,NCCCNC(=O)c1ccc(NC2CCN(c3ccccc3F)C2=O)cc1,5,false,-0.1704108866858407,0.04543202742934227
CF-2-218,O=C(NCCCNC(=O)C1CC1)c1ccc(N[C@H]2CCN(c3ccccc3F)C2=O)cc1,5,true,7.538177818464019,0.04872756078839302
CF-2-219,CCNC(=O)NCCCNC(=O)c1ccc(N[C@H]2CCN(c3ccccc3F)C2=O)cc1,5,false,-0.430623419961011,0.046015415340662
CF-2-220,O=C(NCCCNC(=O)c1ccc(N[C@H]2CCN(c3ccccc3F)C2=O)cc1)O[C@@H]1CCOC1,5,false,2.5260212439841006,0.07213632762432098
CF-2-221,O=C(NCCCNC(=O)c1ccc(N[C@H]2CCN(c3ccccc3F)C2=O)cc1)O[C@H]1CCOC1,5,false,1.9396212538485034,0.07213632762432098
CF-2-223,Cn1cnc(C(=O)NCCCNC(=O)c2ccc(N[C@H]3CCN(c4ccccc4F)C3=O)cc2)c1,5,false,-0.04332663098807515,0.11452046781778336
CF-2-224,O=C(NCCCNc1ncc(F)cn1)c1ccc(N[C@H]2CCN(c3ccccc3F)C2=O)cc1,5,true,5.369685160007767,0.09071800112724304
CF-2-229,CC(C)(C)OC(=O)NCCCNC(=O)c1ccc(N[C@H]2CCN(c3ccc(Cl)cc3)C2=O)cc1,5,false,0.23481189755376256,0.04866655915975571
CF-2-230,Cc1ccc(N2CC[C@H](Nc3ccc(C(=O)NCCCNC(=O)OC(C)(C)C)cc3)C2=O)cc1,5,false,1.0020947481588218,0.0503980815410614
CF-2-232,CC(C)(C)OC(=O)NCCCNC(=O)c1ccc(N[C@H]2CCN(c3ccc(Cl)c(Cl)c3)C2=O)cc1,5,false,2.6016640010017387,0.10027499496936798
CF-2-235,CC(C)(C)OC(=O)NCCCNC(=O)c1ccc(N[C@H]2CCN(c3cc(F)ccc3F)C2=O)cc1,5,false,-0.37336133606287975,0.07062845677137375
CF-2-239,CC(C)(CNC(=O)OC(C)(C)C)CNC(=O)c1ccc(N[C@H]2CCN(c3ccccc3F)C2=O)cc1,5,false,2.2857534577302956,0.05111206695437431
CF-2-241,CC(C)(C)OC(=O)N1CCC(CNC(=O)c2ccc(N[C@H]3CCN(c4ccccc4F)C3=O)cc2)CC1,5,false,0.16977811910125842,0.06053478270769119
CF-2-243,CC(C)(C)OC(=O)NC1CCN(C(=O)c2ccc(N[C@H]3CCN(c4ccccc4F)C3=O)cc2)CC1,5,false,-0.4605474119508196,0.07674948126077652
CF-2-244,CC(C)(C)OC(=O)N1CC[C@H](CNC(=O)c2ccc(N[C@H]3CCN(c4ccccc4F)C3=O)cc2)C1,5,false,0.7184314865553708,0.07068412750959396
CF-2-247,COc1cc(N[C@H]2CCN(c3ccccc3F)C2=O)ccc1C(=O)NCCCNC(=O)OC(C)(C)C,5,false,2.976404849396127,0.10625902563333511
CF-2-250,COc1cc(C(=O)NCCCNC(=O)OC(C)(C)C)ccc1N[C@H]1CCN(c2ccccc2F)C1=O,5,false,1.8627209518107168,0.08865905553102493
CF-2-253,Cc1ccc(N2CC[C@H](NS(=O)(=O)N3CCC(C)CC3)C2=O)cc1,5,false,2.7937147762361034,0.08797074854373932
CF-2-255,CC1CCN(S(=O)(=O)N[C@H]2CCN(c3ccccc3Cl)C2=O)CC1,5,false,0.22274923215878079,0.07401574403047562
CF-2-257,CC1CCN(S(=O)(=O)N[C@H]2CCN(c3ccc(C4CC4)cc3)C2=O)CC1,5,false,-0.42520327835248894,0.10059377551078796
CF-2-259,CC1CCN(S(=O)(=O)N[C@H]2CCN(c3ccc(F)cc3F)C2=O)CC1,5,false,2.708970069302816,0.06676726788282394
CF-2-26,O=C(NC1CCN(c2c(F)cccc2F)C1=O)c1ccccc1,5,false,2.538875595834802,0.04483276978135109
CF-2-260,CC1CCN(S(=O)(=O)N[C@H]2CCN(c3ccc(F)c(F)c3)C2=O)CC1,5,false,-0.45400734026457096,0.08490446954965591
CF-2-261,CC1CCN(S(=O)(=O)N[C@H]2CCN(c3cccc(Cl)c3)C2=O)CC1,5,false,0.4007529835909973,0.14050544798374176
CF-2-262,CC(=O)N1CCN(S(=O)(=O)N[C@H]2CCN(c3ccccc3)C2=O)CC1,5,false,2.361890330077742,0.07867443561553955
CF-2-263,CC(=O)N1CCN(S(=O)(=O)N[C@H]2CCN(c3ccc(C)cc3)C2=O)CC1,5,false,2.4284642347931684,0.15125790238380432
CF-2-264,CC(=O)N1CCN(S(=O)(=O)N[C@H]2CCN(c3ccc(Cl)cc3)C2=O)CC1,5,false,2.755723914640768,0.07867443561553955
CF-2-267,CC(=O)Nc1ccc(C(NC(=O)Cc2ccccc2Cl)c2ccccc2F)cc1,1,false,1.1201803810880488,0.09928060322999954
CF-2-268,CC(=O)N1CCN(S(=O)(=O)N[C@H]2CCN(c3ccc(F)cc3F)C2=O)CC1,5,false,-0.3125044859143467,0.07528658956289291
CF-2-269,COc1cccc(N2CC[C@H](NS(=O)(=O)N3CCN(C(C)=O)CC3)C2=O)c1,5,false,-0.5966605384094432,0.07683838903903961
CF-2-270,CC(=O)N1CCN(S(=O)(=O)N[C@H]2CCN(c3cccc(Cl)c3)C2=O)CC1,5,false,2.899120917196493,0.1430986225605011
CF-2-271,CC(=O)N1CCN(S(=O)(=O)N[C@H]2CCN(c3ccccc3Cl)C2=O)CC1,5,false,2.748676067918001,0.09725181013345718
CF-2-272,CN1CCN(C(=O)[C@@H]2CC(=O)N(c3ccccc3)C2)CC1,0,false,-0.559302873479378,0.1519252061843872
CF-2-273,CN1CCN(C(=O)[C@H]2CC(=O)N(c3ccccc3)C2)CC1,0,false,0.12619065297624713,0.1519252061843872
CF-2-276,COc1cccc(N2C[C@H](C(=O)N3CCN(C)CC3)CC2=O)c1,0,false,-0.5548041959795535,0.11415740847587585
CF-2-277,COc1cccc(N2C[C@@H](C(=O)N3CCN(C)CC3)CC2=O)c1,0,false,-0.5088877916420822,0.11415740847587585
CF-2-282,CN1CCN(C(=O)[C@@H]2CC(=O)N(c3cccc(Cl)c3)C2)CC1,0,false,0.6861354505189226,0.17701679468154907
CF-2-283,CN1CCN(C(=O)[C@H]2CC(=O)N(c3cccc(Cl)c3)C2)CC1,0,false,-0.6764156247290205,0.17701679468154907
CF-2-29,O=C(Cc1ccccc1Cl)NC1CCN(c2c(F)cccc2F)C1=O,5,false,2.9386253227194046,0.06078413873910904
CF-2-30,O=C(CCc1ccccc1)NC1CCN(c2c(F)cccc2F)C1=O,5,false,2.350303731370942,0.041514523327350616
CF-2-32,O=C(COc1ccccc1)NC1CCN(c2c(F)cccc2F)C1=O,5,false,2.757357278731852,0.071257583796978
CF-2-50,CC(C)(C)OC(=O)NCCCNC(=O)C1CC(=O)N(c2ccccc2)C1,0,false,2.398590955300132,0.2035316675901413
CF-2-54,CN(CCCNC(=O)OC(C)(C)C)C(=O)C1CC(=O)N(c2ccccc2)C1,0,false,2.478905811601777,0.18854396045207977
CF-2-57,O=C(NCc1ccccc1)C1CC(=O)N(c2ccccc2)C1,0,false,2.7397745364835795,0.13091424107551575
CF-2-58,O=C(Nc1ccccc1)C1CC(=O)N(c2ccccc2)C1,0,false,2.8348142975541957,0.11760304123163223
CF-2-60,CN(C)CCNC(=O)C1CC(=O)N(c2ccccc2F)C1.O=CO,0,false,2.9401891113864207,0.13214866816997528
CF-2-61,CC(C)(C)OC(=O)NCCCNC(=O)C1CC(=O)N(c2ccccc2F)C1,0,false,2.338261156273633,0.20110253989696503
CF-2-62,CN1CCC(NC(=O)C2CC(=O)N(c3ccccc3F)C2)CC1.O=CO,0,false,2.6177492978202186,0.14434805512428284
CF-2-63,CN(C)CCN(C)C(=O)C1CC(=O)N(c2ccccc2)C1.O=CO,0,false,2.5304679649542203,0.1519252061843872
CF-2-64,CN(C)CCN(C)C(=O)C1CC(=O)N(c2ccccc2F)C1,0,false,2.7342042242570033,0.1614408940076828
CF-2-65,CN(CCCNC(=O)OC(C)(C)C)C(=O)C1CC(=O)N(c2ccccc2F)C1,0,false,2.9692512743964596,0.1998128741979599
CF-2-68,O=C(NCc1ccccc1)C1CC(=O)N(c2ccccc2F)C1,0,false,2.759657116183326,0.1292112022638321
CF-2-72,CC(C)(C)OC(=O)NCCCNC(=O)C1CC(=O)N(c2ccccc2Cl)C1,0,false,2.4151456421750845,0.164940744638443
CF-2-74,CN1CCC(CNC(=O)C2CC(=O)N(c3ccccc3Cl)C2)CC1,0,false,2.9334055225206086,0.13051527738571167
CF-2-75,CN(C)CCN(C)C(=O)C1CC(=O)N(c2ccccc2Cl)C1,0,false,2.9478516774507333,0.11964840441942215
CF-2-76,CN(CCCNC(=O)OC(C)(C)C)C(=O)C1CC(=O)N(c2ccccc2Cl)C1,0,false,2.5529463231652856,0.14260481297969818
CF-2-79,O=C(NCc1ccccc1)C1CC(=O)N(c2ccccc2Cl)C1,0,false,2.8842992509601997,0.1094021424651146
CF-2-80,O=C(Nc1ccccc1)C1CC(=O)N(c2ccccc2Cl)C1,0,false,2.7648528485816786,0.10299627482891083
CF-2-81,O=C(C1CC(=O)N(c2ccccc2Cl)C1)N1CCOCC1,0,false,2.965846417549967,0.10715847462415695
CF-2-83,CN(C)CCN(C)C(=O)c1cccc(N[C@H]2CCN(c3ccccc3Cl)C2=O)c1,5,false,2.9068577550015418,0.05100240558385849
CF-2-84,CC(=O)N1CCN(C(=O)c2cccc(N[C@H]3CCN(c4ccccc4Cl)C3=O)c2)CC1,5,false,2.911108513915525,0.055114276707172394
CF-2-95,CN(C)CCN(C)C(=O)c1ccc(N[C@H]2CCN(c3ccccc3F)C2=O)cc1,5,false,2.766279019969409,0.05891712009906769
CF-2-96,CC(=O)N1CCN(C(=O)c2ccc(N[C@H]3CCN(c4ccccc4F)C3=O)cc2)CC1,5,false,2.767190791244673,0.06131381541490555
CF-3-08,COc1ccc(C)cc1NC(=O)[C@H](N)Cc1ccccc1,2,false,2.9097426269532916,0.1407151073217392
CF-3-101,Cc1ccc(OCc2ccccc2)c(NC(=O)[C@H]2CCCN2)c1,2,false,2.8335901521410607,0.058404237031936646
CF-3-112,Cc1ccc(OC(F)F)c(NC(=O)CCNC(=O)OC(C)(C)C)c1,2,true,5.104329694137918,0.09523257613182068
CF-3-113,Cc1ccc(OC(F)F)c(NC(=O)CCN)c1,2,false,2.788361075574338,0.0849466547369957
CF-3-117,Cc1ccc(Oc2ccccc2)c(NC(=O)CCN)c1,2,false,0.32693787747855707,0.05128041282296181
CF-3-118,Cc1ccc(OCc2ccccc2)c(NC(=O)CCNC(=O)OC(C)(C)C)c1,2,false,2.8460199904852996,0.0841231420636177
CF-3-12,COc1ccc(C)cc1NC(=O)[C@H](N)Cc1ccc(O)cc1,2,false,2.878280168626377,0.1407151073217392
CF-3-123,COc1ccc(Cl)cc1NC(=O)[C@@H](N)Cc1ccc(O)cc1,2,false,-0.06907327055358141,0.16169770061969757
CF-3-124,COc1ccc(C(F)(F)F)cc1NC(=O)[C@H](Cc1ccc(O)cc1)NC(=O)OC(C)(C)C,2,false,-0.027839650996182224,0.21346347033977509
CF-3-127,COc1ccc(C#N)cc1NC(=O)[C@H](Cc1ccc(O)cc1)NC(=O)OC(C)(C)C,2,false,-0.21907803100448486,0.2362973839044571
CF-3-132,Cc1ccc(OCCN(C)C)c(NC(=O)[C@H](Cc2ccc(O)cc2)NC(=O)OC(C)(C)C)c1,2,false,2.9511098512766383,0.250983864068985
CF-3-133,Cc1ccc(OCCN(C)C)c(NC(=O)[C@@H](N)Cc2ccc(O)cc2)c1,2,false,0.6684108433210035,0.115480437874794
CF-3-143,COc1ccc(C)cc1NC(=O)CN1CCC(c2c[nH]c3ccccc23)CC1,2,false,2.7210497383384276,0.4119369685649872
CF-3-146,COc1ccc(C)cc1NC(=O)CN1CCC(C(N)=O)CC1,2,false,-1.0083334766002159,0.05780252069234848
CF-3-148,COc1ccc(C)cc1NC(=O)CN1CCC(N2CCCC2=O)CC1,2,false,2.172860954972499,0.06938526034355164
CF-3-150,COc1ccc(C)cc1NC(=O)CN1CC[C@@H](N(C)C)C1,2,false,-0.1948516504887474,0.0788613110780716
CF-3-151,COc1ccc(C)cc1NC(=O)CN1CC[C@H](N(C)C)C1,2,false,0.13004708878636737,0.0788613110780716
CF-3-154,COc1ccc(C)cc1NC(=O)[C@H]1CCCN1C(=O)c1ccc(O)cc1,2,false,2.8290997733968704,0.08705122768878937
CF-3-159,COc1ccc(C)cc1NC(=O)[C@H]1CCCN1C(=O)CC1CCN(C(=O)OC(C)(C)C)CC1,2,false,2.4700676210501653,0.1322329193353653
CF-3-16,COc1ccc(C)cc1NC(=O)[C@H](N)Cc1cnc[nH]1,2,false,2.725119088740067,0.12474571168422699
CF-3-161,COc1ccc(C)cc1NC(=O)[C@H]1CCCN1C(=O)OCc1ccccc1,2,false,-0.011165699840404645,0.24438007175922394
CF-3-163,COc1ccc(C)cc1NC(=O)[C@H]1CCCN1C(=O)O[C@@H]1CCOC1,2,false,0.22691096691573723,0.29554885625839233
CF-3-164,COc1ccc(C)cc1NC(=O)[C@H]1CCCN1S(=O)(=O)c1ccccc1,2,false,-0.6403734745279974,0.12640780210494995
CF-3-169,COc1ccc(C)cc1NC(=O)[C@H]1CCCN1C(=O)NCc1ccccc1,2,false,-0.3797709519216108,0.2362406849861145
CF-3-171,CCOC(=O)CNC(=O)N1CCC[C@@H]1C(=O)Nc1cc(C)ccc1OC,2,false,-0.06083911861895087,0.22455015778541565
CF-3-174,COc1ccc(C)cc1NC(=O)CCNC(=O)c1ccc(O)cc1,2,false,2.4576188387314937,0.05885361507534981
CF-3-176,COc1ccc(C)cc1NC(=O)CCNC(=O)Cc1ccccc1,2,false,-0.62419144534062,0.07703957706689835
CF-3-177,COc1ccc(C)cc1NC(=O)CCNC(=O)CCNC(=O)OC(C)(C)C,2,false,-0.6184555297866262,0.08691280335187912
CF-3-179,COc1ccc(C)cc1NC(=O)CCNC(=O)CC1CCN(C(=O)OC(C)(C)C)CC1,2,false,-0.7251290614900187,0.12657731771469116
CF-3-18,COc1ccc(C)cc1NC(=O)CCN,2,false,2.9724028111002783,0.05760733783245087
CF-3-182,COc1ccc(C)cc1NC(=O)CCNC(=O)O[C@@H]1CCOC1,2,false,2.9504539771385008,0.14272265136241913
CF-3-185,COc1ccc(C)cc1NC(=O)CCNS(=O)(=O)Cc1ccccc1,2,false,-1.4235119837797172,0.06668969243764877
CF-3-189,COc1ccc(C)cc1NC(=O)CCNC(=O)NCc1ccccc1,2,false,2.972268091246098,0.08286191523075104
CF-3-190,CCNC(=O)NCCC(=O)Nc1cc(C)ccc1OC,2,false,-1.0959528221079573,0.06390410661697388
CF-3-192,COc1ccc(C)cc1NC(=O)[C@H](Cc1ccc(O)cc1)NC(C)=O,2,false,-0.23517213719498226,0.1398831605911255
CF-3-193,COc1ccc(C)cc1NC(=O)[C@H](Cc1ccc(O)cc1)NC(=O)c1ccccc1,2,false,0.1356369107675473,0.18284577131271362
CF-3-196,COc1ccc(C)cc1NC(=O)[C@H](Cc1ccc(O)cc1)NC(=O)Nc1ccccc1,2,false,2.8157404431947364,0.18469473719596863
CF-3-197,COc1ccc(C)cc1NC(=O)[C@H](Cc1ccc(O)cc1)NC(=O)Cc1ccccc1,2,false,-0.5835590698882218,0.16886067390441895
CF-3-198,COc1ccc(C)cc1NC(=O)[C@H](Cc1ccc(O)cc1)NC(=O)[C@@H]1Cc2ccc(O)cc2CN1,2,false,0.20752029464715185,0.13188710808753967
CF-3-201,C=CCOc1ccc(C[C@H](N)C(=O)Nc2cc(C)ccc2OC)cc1,2,false,2.838979539550091,0.13928279280662537
CF-3-204,COc1cccc(NC(=O)NCCC(=O)Nc2cc(C)ccc2OC)c1,2,false,2.468836243224043,0.09394533932209015
CF-3-207,COc1ccc(C)cc1NC(=O)CCNC(=O)Nc1cccc(Cl)c1,2,true,6.58011852148931,0.08980049192905426
CF-3-210,COc1ccc(C)cc1NC(=O)CCNC(=O)NC1CCN(C(=O)OC(C)(C)C)CC1,2,false,2.6277292442997986,0.13787750899791718
CF-3-211,COc1ccc(C)cc1NC(=O)CCNC(=O)NC1CCNCC1,2,false,1.1736160178032282,0.06952229887247086
CF-3-213,COc1ccc(C)cc1NC(=O)CCNC(=O)NC1CCN(C(C)=O)CC1,2,true,7.162516786842849,0.07592087984085083
CF-3-214,COc1ccc(C)cc1NC(=O)CCCC(=O)Nc1ccccc1,2,true,7.228757050962009,0.05188744142651558
CF-3-215,COc1ccc(NC(=O)CCCC(=O)Nc2cc(C)ccc2OC)cc1,2,false,2.972589249366176,0.056103020906448364
CF-3-219,COc1ccc(CC(=O)NCCC(=O)Nc2cc(C)ccc2OC)cc1,2,false,-0.15335134389556604,0.07703957706689835
CF-3-221,COc1ccc(C)cc1NC(=O)CCNC(=O)Cc1ccccc1F,2,false,-0.7804649185502804,0.15096144378185272
CF-3-222,COc1ccc(C)cc1NC(=O)CCNc1nc2ccccc2[nH]1,2,true,11.241925143476047,0.2794782519340515
CF-3-225,COc1ccc(C(F)(F)F)cc1NC(=O)CCNC(=O)Nc1ccccc1,2,false,0.0645073055363057,0.08364734053611755
CF-3-29,COc1ccc(C)cc1NC(=O)C1CCN(C(=O)OC(C)(C)C)CC1,2,false,2.4596361957657886,0.12793134152889252
CF-3-30,COc1ccc(C)cc1NC(=O)C1CCNCC1,2,false,2.4836842059316604,0.05164983123540878
CF-3-36,COc1ccc(C)cc1NC(=O)CNC(=O)Cc1ccccc1,2,false,2.854285936588499,0.09346034377813339
CF-3-40,COc1ccc(C)cc1NC(=O)CNS(=O)(=O)c1ccccc1,2,false,2.7005406801153033,0.07421375811100006
CF-3-42,COc1ccc(C)cc1NC(=O)Cn1ccnc1,2,false,2.888903904724187,0.15365460515022278
CF-3-52,COc1ccc(F)cc1NC(=O)CN,2,false,2.9621343122030477,0.08625417202711105
CF-3-55,COc1cc(C)ccc1NC(=O)CN,2,false,2.6120556408131947,0.05344376713037491
CF-3-56,COc1cc(Cl)ccc1NC(=O)CN,2,false,2.752763756394871,0.07565010339021683
CF-3-58,Cc1ccc(Oc2ccccc2Cl)c(NC(=O)CN)c1,2,false,2.9923180792715716,0.053428202867507935
CF-3-59,Cc1ccc(OCc2ccccc2)c(NC(=O)CN)c1,2,false,2.996276585040076,0.06744640320539474
CF-3-62,Cc1ccc(OCCNC(=O)OC(C)(C)C)c(NC(=O)CN)c1,2,false,2.5576413197929533,0.08924661576747894
CF-3-65,Cc1ccc(C#Cc2ccc(F)cc2)c(NC(=O)CN)c1,2,false,2.9952936847239844,0.06919240951538086
CF-3-69,Cc1ccc(-c2cn(CC(=O)O)nn2)c(NC(=O)CNC(=O)OC(C)(C)C)c1,2,true,6.5867272079001875,0.18280617892742157
CF-3-83,Cc1ccc(OCc2ccccc2)c(NC(=O)CN2CCC(N(C)C)CC2)c1,2,false,-0.5592717389370591,0.06023378670215607
CF-3-92,COc1cc(F)c(F)cc1NC(=O)[C@H]1CCCN1C(=O)OC(C)(C)C,2,false,-0.5215375243546011,0.31685835123062134
CF-3-97,Cc1ccc(OCCN(C)C)c(NC(=O)[C@H]2CCCN2)c1,2,false,0.20837547516250224,0.050613053143024445
CF-5-01,O=C(Nc1ccc(Oc2ncccn2)cc1)C1CC1,1,false,2.6956502453505498,0.2194124460220337
CF-5-04,COC(=O)C(=O)Nc1ccc(Oc2ncccn2)cc1,1,false,2.4963716287666164,0.14599384367465973
CF-5-05,O=C(O)C(=O)Nc1ccc(Oc2ncccn2)cc1,1,false,2.5371694410062173,0.12623102962970734
CF-5-06,CNC(=O)C(=O)Nc1ccc(Oc2ncccn2)cc1,1,false,2.7182962810617397,0.12726955115795135
CF-5-11,CC(C)(C)OC(=O)NCCC(=O)Nc1ccc(Oc2ncccn2)cc1,1,false,2.433670315055694,0.10269203782081604
CF-5-111,CC(=O)Nc1ccc(-n2c(Nc3ccccc3)nc3ccccc32)cc1,1,false,2.998264808751934,0.4005647301673889
CF-5-12,CC(C)(C)OC(=O)NCC(=O)Nc1ccc(Oc2ncccn2)cc1,1,false,2.3581813499730906,0.10675767064094543
CF-5-126,COc1cccc(SCC(=O)Nc2ccc(Oc3ncccn3)cc2)c1,1,false,-0.33161206716945363,0.19289785623550415
CF-5-128,O=C(CSc1ccccc1Cl)Nc1ccc(Oc2ncccn2)cc1,1,false,2.309103033284339,0.1319320946931839
CF-5-130,O=C(CSc1ccc(Cl)cc1)Nc1ccc(Oc2ncccn2)cc1,1,false,0.16958055466212926,0.14798539876937866
CF-5-131,CC(=O)Nc1ccc(SCC(=O)Nc2ccc(Oc3ncccn3)cc2)cc1,1,false,-0.2103700246748931,0.1623390018939972
CF-5-132,COC(=O)c1ccc(SCC(=O)Nc2ccc(Oc3ncccn3)cc2)cc1,1,true,6.821919991612469,0.12550480663776398
CF-5-134,CNC(=O)c1ccc(SCC(=O)Nc2ccc(Oc3ncccn3)cc2)cc1,1,false,-0.17229962114619676,0.12900306284427643
CF-5-136,O=C(CSC1CCNCC1)Nc1ccc(Oc2ncccn2)cc1,1,false,-0.3761484369085029,0.09127680212259293
CF-5-137,CC(=O)N1CCC(SCC(=O)Nc2ccc(Oc3ncccn3)cc2)CC1,1,false,2.5604596098787056,0.12225870788097382
CF-5-138,O=C(CSC1CCN(Cc2ccccc2)CC1)Nc1ccc(Oc2ncccn2)cc1,1,false,2.449960381665218,0.052684858441352844
CF-5-139,COc1ccccc1OCC(=O)Nc1ccc(Oc2ncccn2)cc1,1,false,-0.8456362286219204,0.06951501220464706
CF-5-14,CC(C)(C)OC(=O)N1CCC(CC(=O)Nc2ccc(Oc3ncccn3)cc2)CC1,1,false,2.612346968994667,0.09770427644252777
CF-5-140,COc1cccc(OCC(=O)Nc2ccc(Oc3ncccn3)cc2)c1,1,false,2.9000714903760305,0.08094368129968643
CF-5-142,O=C(COc1ccccc1Cl)Nc1ccc(Oc2ncccn2)cc1,1,true,5.077815326391519,0.09416527301073074
CF-5-146,O=C(COC1CCNCC1)Nc1ccc(Oc2ncccn2)cc1,1,false,-0.23859623484479087,0.21290403604507446
CF-5-147,CC(=O)N1CCC(OCC(=O)Nc2ccc(Oc3ncccn3)cc2)CC1,1,false,0.02074781064393092,0.22635501623153687
CF-5-15,O=C(O)CCC(=O)Nc1ccc(Oc2ncccn2)cc1,1,false,2.815896261404543,0.16753295063972473
CF-5-164,CC(=O)Nc1ccc(N(Cc2ccc(C(=O)O)cc2)c2ncccn2)cc1,1,false,2.807844703027676,0.24690298736095428
CF-5-173,CCNC(=O)Nc1ccc(N(Cc2ccccc2)c2ncnc3ccccc23)cc1,1,true,6.973375946463146,0.331907719373703
CF-5-174,CC(=O)Nc1ccc(N(Cc2ccccc2)c2ncc3ccccc3n2)cc1,1,true,7.6372474466103695,0.3427545130252838
CF-5-175,O=C(Nc1ccc(N(Cc2ccccc2)c2ncc3ccccc3n2)cc1)C1CC1,1,true,7.3885035398105865,0.3323609530925751
CF-5-176,O=C(Nc1ccc(N(Cc2ccccc2)c2ncc3ccccc3n2)cc1)NC1CC1,1,true,7.499301276290025,0.37222549319267273
CF-5-177,CCNC(=O)Nc1ccc(N(Cc2ccccc2)c2ncc3ccccc3n2)cc1,1,true,6.630158094933292,0.37222549319267273
CF-5-178,CC(=O)Nc1ccc(N(Cc2ccccc2)c2cc(Cl)ncn2)cc1,1,false,1.3946575855661032,0.3691209852695465
CF-5-18,CNC(=O)COCC(=O)Nc1ccc(Oc2ncccn2)cc1,1,false,2.564504590854398,0.3984698951244354
CF-5-186,CC(=O)Nc1ccc(N(Cc2ccccc2)c2ncc(F)cn2)cc1,1,true,7.918549580718494,0.389880508184433
CF-5-19,O=C(CN1CCOCC1)Nc1ccc(Oc2ncccn2)cc1,1,false,2.6996926427327432,0.1020810529589653
CF-5-190,O=C(Nc1ccc(N(Cc2ccccc2)c2ncccn2)cc1)C1CC1,1,true,7.163285688353628,0.24801918864250183
CF-5-191,O=C(CSc1ccccc1)Nc1ccc(N(Cc2ccccc2)c2ncccn2)cc1,1,false,0.09950267397977858,0.2320660948753357
CF-5-192,CC(=O)Nc1ccc(N(CC2CCN(C(=O)OC(C)(C)C)CC2)c2ncccn2)cc1,1,true,8.00457444309985,0.08079515397548676
CF-5-196,CC(C)(C)OC(=O)N1CCC(CN(c2ccc(NC(=O)C3CC3)cc2)c2ncccn2)CC1,1,false,2.873119927735649,0.08344025909900665
CF-5-200,CCNC(=O)Nc1ccc(N(CC2CCN(C(=O)OC(C)(C)C)CC2)c2ncccn2)cc1,1,false,-0.1778725687619721,0.09844622761011124
CF-5-201,CCNC(=O)Nc1ccc(N(CC2CCNCC2)c2ncccn2)cc1,1,false,-0.2580255817717337,0.28084588050842285
CF-5-203,Cc1ccc(N2CC[C@H](Nc3ccc(Cl)c(C(=O)NCc4ccc(O)cc4)c3)C2=O)cc1,5,false,-0.4242659380284146,0.14143171906471252
CF-5-204,CCNC(=O)Nc1ccc(Nc2ncnc3ccccc23)cc1,1,false,2.9098424485398473,0.31067317724227905
CF-5-205,O=C(Nc1ccc(Nc2ncnc3ccccc23)cc1)NC1CC1,1,false,2.8332474390793023,0.31067317724227905
CF-5-206,CC(C)(C)OC(=O)NCCCNC(=O)Nc1ccc(Nc2ncnc3ccccc23)cc1,1,true,11.98431413280717,0.22669756412506104
CF-5-207,NCCCNC(=O)Nc1ccc(Nc2ncnc3ccccc23)cc1,1,false,2.417186739840173,0.31067317724227905
CF-5-210,CC(C)(C)OC(=O)NCCC(=O)Nc1ccc(Nc2ncnc3ccccc23)cc1.O=C(O)C(F)(F)F,1,false,1.4546364538054941,0.18543559312820435
CF-5-211,NCCC(=O)Nc1ccc(Nc2ncnc3ccccc23)cc1,1,false,2.9068015624269927,0.3027806282043457
CF-5-214,CC(=O)N1CCC(C(=O)Nc2ccc(Nc3ncnc4ccccc34)cc2)CC1,1,false,2.7351495806351505,0.20471958816051483
CF-5-215,CN1CCC(C(=O)Nc2ccc(Nc3ncnc4ccccc34)cc2)CC1,1,true,7.182682976397272,0.15722781419754028
CF-5-216,CC(C)(C)OC(=O)N1CCC(CC(=O)Nc2ccc(Nc3ncnc4ccccc34)cc2)CC1,1,true,5.362503749097533,0.15161465108394623
CF-5-217,O=C(CC1CCNCC1)Nc1ccc(Nc2ncnc3ccccc23)cc1,1,false,2.4411548045138125,0.27699553966522217
CF-5-222,CCNC(=O)Nc1ccc(C(O)c2ccccc2F)cc1,1,false,1.8330024841431718,0.32641518115997314
CF-5-223,OC(c1ccc(Nc2ncnc3ccccc23)cc1)c1ccccc1F,1,false,-0.6030628243932971,0.2877814769744873
CF-5-224,OC(c1ccc(Nc2nc3c(Cl)cccc3[nH]2)cc1)c1ccccc1F,1,true,7.845176953228508,0.502102792263031
CF-5-235,CC(=O)Nc1ccc(C(O)c2cc(F)ccc2F)cc1,1,false,2.718405397447942,0.31641218066215515
CF-5-236,O=C(Nc1ccc(C(O)c2cc(F)ccc2F)cc1)C1CC1,1,false,0.17166919358151103,0.31724780797958374
CF-5-237,CCNC(=O)Nc1ccc(C(O)c2cc(F)ccc2F)cc1,1,false,0.7716725386747714,0.307329922914505
CF-5-239,O=C(Nc1ccc(C(O)c2cccc(F)c2F)cc1)C1CC1,1,false,2.4758067597032145,0.2964613735675812
CF-5-240,CCNC(=O)Nc1ccc(C(O)c2cccc(F)c2F)cc1,1,true,5.413254266415069,0.307329922914505
CF-5-250,CC(=O)Nc1ccc(C(O)c2ccc(Cl)cc2F)cc1,1,false,0.23992859991881985,0.3588423728942871
CF-5-251,O=C(Nc1ccc(C(O)c2ccc(Cl)cc2F)cc1)C1CC1,1,false,-0.6027105764814391,0.3417673110961914
CF-5-252,CCNC(=O)Nc1ccc(C(O)c2ccc(Cl)cc2F)cc1,1,false,2.5758946653080566,0.33040478825569153
CF-5-254,O=C(Nc1ccc(C(O)c2cc(Cl)ccc2F)cc1)C1CC1,1,false,2.4594657515176195,0.38948318362236023
CF-5-256,CC(=O)Nc1ccc(C(C)(O)c2ccccc2F)cc1,1,false,2.980659415587885,0.3512023389339447
CF-5-258,CC(=O)Nc1ccc(C(O)(Cc2ccccc2)c2ccccc2F)cc1,1,true,5.7852668730545735,0.40341538190841675
CF-5-260,CC(=O)Nc1ccc(C(NC(C)=O)c2ccccc2F)cc1,1,false,1.3390847079104184,0.09294270724058151
CF-5-265,CC(=O)N1CCN(S(=O)(=O)N[C@H]2CCN(c3ccc(Cl)c(Cl)c3)C2=O)CC1,5,true,8.121460828139206,0.12959769368171692
CF-5-266,COc1ccc(CC(=O)NC(c2ccc(NC(C)=O)cc2)c2ccccc2F)cc1,1,true,5.476800237771764,0.07922566682100296
CF-5-27,O=C(NCCCCl)Nc1ccc(Oc2ncccn2)cc1,1,false,2.8586649972913634,0.09748567640781403
CF-5-283,CC(C)(C)OC(=O)NCCC(=O)NC(c1ccc(NC(=O)C2CC2)cc1)c1ccccc1F,1,false,-0.2560432271284593,0.07603084295988083
CF-5-284,NCCC(=O)NC(c1ccc(NC(=O)C2CC2)cc1)c1ccccc1F,1,false,2.8734304805542776,0.14205704629421234
CF-5-285,O=C(O)c1cc(Nc2ccc(Oc3ncccn3)cc2)ncn1,1,false,2.63749889816459,0.4126228392124176
CF-5-288,CN1CCN(C(=O)c2cc(Nc3ccc(Oc4ncccn4)cc3)ncn2)CC1,1,false,-0.14052390565130057,0.402629017829895
CF-5-289,CN1CCC(CNC(=O)c2cc(Nc3ccc(Oc4ncccn4)cc3)ncn2)CC1,1,false,2.6616286968716816,0.4264856278896332
CF-5-29,O=C(NCCCN1CCOCC1)Nc1ccc(Oc2ncccn2)cc1,1,true,5.791370155158363,0.11827903240919113
CF-5-290,CC(=O)N1CCN(C(=O)c2cc(Nc3ccc(Oc4ncccn4)cc3)ncn2)CC1,1,false,-0.847255224425077,0.5152344107627869
CF-5-293,O=C(NCc1ccccc1)c1cnc(Nc2ccc(Oc3ncccn3)cc2)nc1,1,true,12.408775985617627,0.34728381037712097
CF-5-30,COC(=O)CCNC(=O)Nc1ccc(Oc2ncccn2)cc1,1,false,2.828356643780853,0.13244277238845825
CF-5-300,O=C(O)c1ccc2nc(Nc3ccc(Oc4ncccn4)cc3)[nH]c2c1,1,false,-0.2800806739597437,0.23424264788627625
CF-5-303,CC(C)(C)OC(=O)NCCCNC(=O)c1ccc2nc(Nc3ccc(Oc4ncccn4)cc3)[nH]c2c1,1,false,-0.5708478144880517,0.23742642998695374
CF-5-305,CCNC(=O)Nc1ccc(Nc2ncnc3ccccc23)cc1,1,false,0.8810527837537799,0.31067317724227905
CF-5-306,CCOC(=O)Nc1ccc(N(Cc2ccccc2)c2ncc3ccccc3n2)cc1,1,true,5.01428987531358,0.3093385100364685
CF-5-307,c1cnc(Oc2ccc(Nc3nc4ccccc4[nH]3)cc2)nc1,1,false,2.069953256938839,0.20825570821762085
CF-5-308,Cn1c(Nc2ccc(Oc3ncccn3)cc2)nc2ccccc21,1,false,2.9422874830903387,0.26217398047447205
CF-5-31,O=C(O)CCNC(=O)Nc1ccc(Oc2ncccn2)cc1,1,false,2.6299746387111838,0.14427243173122406
CF-5-311,COCCn1c(Nc2ccc(Oc3ncccn3)cc2)nc2ccccc21,1,false,0.5026162729036037,0.21392913162708282
CF-5-312,CC(C)(C)OC(=O)NCCCn1c(Nc2ccc(Oc3ncccn3)cc2)nc2ccccc21,1,false,1.857787425909757,0.1995348483324051
CF-5-320,Oc1ccc(-c2nnc(Nc3ccc(Oc4ncccn4)cc3)o2)cc1,1,false,0.5131518175030784,0.24085569381713867
CF-5-321,c1cnc(Oc2ccc(Nc3nnc(C4CC4)o3)cc2)nc1,1,false,-0.3386337601190225,0.295457124710083
CF-5-36,CS(=O)(=O)Nc1ccc(Oc2ncccn2)cc1,1,false,2.5815857099665656,0.09887625277042389
CF-5-38,COCCS(=O)(=O)Nc1ccc(Oc2ncccn2)cc1,1,false,2.6077425412615995,0.09866001456975937
CF-5-39,Cc1nc2cc(Oc3ncccn3)ccc2[nH]1,1,false,2.9724276301755053,0.570125162601471
CF-5-40,CC(C)c1nc2cc(Oc3ncccn3)ccc2[nH]1,1,false,2.9126689870689795,0.5201669931411743
CF-5-56,CC(C)c1nnc(Nc2ccc(Oc3ncccn3)cc2)o1,1,false,2.7152978275945525,0.23118436336517334
CF-5-58,CC(=O)Nc1ccc(Oc2ccccc2)cc1,1,false,2.943697830470536,0.04700368270277977
CF-5-59,CC(=O)Nc1ccc(Oc2ccccc2F)cc1,1,false,2.905725661587438,0.14470352232456207
CF-5-60,CC(=O)Nc1ccc(Oc2cccc(F)c2)cc1,1,false,2.748867585501016,0.037704918533563614
CF-5-61,CC(=O)Nc1ccc(Oc2ccc(F)cc2)cc1,1,false,2.662665160010436,0.04810691252350807
CF-5-62,CC(=O)Nc1ccc(Oc2ccccc2Cl)cc1,1,false,2.953351581423844,0.05291980504989624
CF-5-63,CC(=O)Nc1ccc(Oc2cccc(Cl)c2)cc1,1,false,2.516489956593488,0.04654881730675697
CF-5-65,CC(=O)Nc1ccc(Oc2cc(F)ccc2F)cc1,1,false,2.9697354922670387,0.12157344818115234
CF-5-74,CC(=O)Nc1ccc(Nc2ncncc2C#N)cc1,1,false,2.688472276093166,0.15036650002002716
CF-5-75,CC(=O)Nc1ccc(Oc2nccc(C)n2)cc1,1,false,2.8222185070563275,0.09474929422140121
CF-5-76,COc1ccnc(Oc2ccc(NC(C)=O)cc2)n1,1,false,2.9468179048772467,0.12218832969665527
CF-5-77,CC(=O)Nc1ccc(Oc2nccc(C#N)n2)cc1,1,false,2.72427662830249,0.15580971539020538
CF-5-78,CC(=O)Nc1ccc(Oc2ncncc2F)cc1,1,false,2.7631317444538808,0.1976187527179718
CF-5-81,CC(=O)Nc1ccc(Nc2ncccn2)cc1,1,false,2.9776223403184137,0.3823567032814026
CF-5-84,CC(=O)Nc1ccc(N(CCc2ccccc2)c2ncccn2)cc1,1,false,2.90558551230909,0.2718341648578644
CF-6-106,NC(=O)c1cccc(C(=O)N2CCC(C(=O)O)c3ccccc32)c1,0,true,6.856497478081488,0.1835109442472458
CF-6-108,COc1cc(OC)cc(C(=O)N2CCC(C(=O)O)c3ccccc32)c1,0,false,2.8534209981878447,0.10293939709663391
CF-6-110,NC(=O)c1cc(F)cc(C(=O)N2CCC(C(=O)O)c3ccccc32)c1,0,true,7.098209089995969,0.16357383131980896
CF-6-111,O=C(O)C1CN(C(=O)c2ccccc2)Cc2ccccc21,0,false,2.6002811595889557,0.06548687070608139
CF-6-112,NC(=O)c1cccc(C(=O)N2Cc3ccccc3C(C(=O)O)C2)c1,0,false,2.5447039027125555,0.09301604330539703
CF-6-113,NC(=O)c1cccc(C(=O)N2Cc3ccccc3C(C(=O)O)C2)c1,0,false,2.966119707485253,0.09301604330539703
CF-6-114,NC(=O)c1ccc(C(=O)N2Cc3ccccc3C(C(=O)O)C2)cc1,0,false,2.4909300270786257,0.07147443294525146
CF-6-116,NC(=O)c1cc(F)cc(C(=O)N2Cc3ccccc3C(C(=O)O)C2)c1,0,false,-0.4491075501275909,0.08795015513896942
CF-6-121,CC(=O)N1CCC[C@H](C(=O)N2CC(C(=O)O)c3ccccc32)C1,0,false,1.2733169917769411,0.18422314524650574
CF-6-122,O=C(O)C1CN(C(=O)[C@H]2COc3ccccc3O2)c2ccccc21,0,false,2.992630007916929,0.1563481092453003
CF-6-124,N#Cc1ccc(C(=O)N2CCC(C(=O)O)c3ccccc32)cc1,0,true,7.631018789340685,0.1074690967798233
CF-6-128,N#Cc1cc(F)cc(C(=O)N2CCC(C(=O)O)c3ccccc32)c1,0,false,2.3718850036345382,0.1487371176481247
CF-6-129,N#Cc1cccc(C(=O)N2Cc3ccccc3C(C(=O)O)C2)c1,0,false,2.648358859325894,0.10126160085201263
CF-6-130,N#Cc1ccc(C(=O)N2Cc3ccccc3C(C(=O)O)C2)cc1,0,false,1.9450123665191132,0.0820864662528038
CF-6-19,COc1ccc(C(=O)N2CC(C(=O)O)c3ccccc32)cc1,0,false,2.8740355334691223,0.25747746229171753
CF-6-24,O=C(O)C1CN(C(=O)c2cccc(O)c2)c2ccccc21,0,false,2.953191564433353,0.17510245740413666
CF-6-26,Cc1ccccc1C(=O)N1CC(C(=O)O)c2ccccc21,0,false,2.911248264845367,0.21551108360290527
CF-6-33,CC(=O)N1CCN(C(=O)c2cccc(C(=O)N3CC(C(=O)O)c4ccccc43)c2)CC1,0,false,2.497751861612382,0.16318635642528534
CF-6-34,CC(=O)NCCNC(=O)c1cccc(C(=O)N2CC(C(=O)O)c3ccccc32)c1,0,false,2.966159494693724,0.2608756721019745
CF-6-38,CC(=O)NCCOc1ccc(C(=O)N2CC(C(=O)O)c3ccccc32)cc1,0,false,2.9431200523897676,0.2846565842628479
CF-6-39,N#Cc1ccccc1C(=O)N1CC(C(=O)O)c2ccccc21,0,true,6.9450870377045915,0.13841716945171356
CF-6-40,N#Cc1cc(C(=O)N2CC(C(=O)O)c3ccccc32)ccc1F,0,false,2.549017204889042,0.2061944454908371
CF-6-42,NC(=O)c1ccc(F)c(C(=O)N2CC(C(=O)O)c3ccccc32)c1,0,false,2.94800752635654,0.24509288370609283
CF-6-44,COc1cc(OC)cc(C(=O)N2CC(C(=O)O)c3ccccc32)c1,0,false,2.9439382166426387,0.16769270598888397
CF-6-45,COC(=O)c1cc(OC)cc(C(=O)N2CC(C(=O)O)c3ccccc32)c1,0,false,-0.45123167128773367,0.2744995057582855
CF-6-46,COc1cc(Br)cc(C(=O)N2CC(C(=O)O)c3ccccc32)c1,0,false,2.971189846631191,0.2311708927154541
CF-6-47,O=C(O)C1CN(C(=O)c2cc(O)ccc2F)c2ccccc21,0,false,2.941940945925588,0.16143156588077545
CF-6-48,O=C(O)C1CN(C(=O)c2cc(F)ccc2F)c2ccccc21,0,false,2.8644993108028634,0.19941571354866028
CF-6-49,N#Cc1ccc(F)c(C(=O)N2CC(C(=O)O)c3ccccc32)c1,0,false,2.8497092244202147,0.22933022677898407
CF-6-56,COc1cc(C(=O)N2CC(C(=O)O)c3ccccc32)cc(OC)c1OC,0,false,2.50465496662969,0.21260061860084534
CF-6-57,O=C(O)C1CN(C(=O)c2cc(F)c(F)c(F)c2)c2ccccc21,0,false,2.7714875939172847,0.21965323388576508
CF-6-58,Cc1cncc(C(=O)N2CC(C(=O)O)c3ccccc32)c1,0,false,2.4999093384117446,0.2774527072906494
CF-6-62,O=C(O)C1CN(C(=O)Cc2ccccc2)c2ccccc21,0,false,2.8630829487226954,0.12311108410358429
CF-6-64,O=C(O)C1CN(C(=O)COc2ccccc2)c2ccccc21,0,false,2.682388563623317,0.15027207136154175
CF-6-70,O=C(O)C1CN(C(=O)NCc2ccccc2)c2ccccc21,0,false,2.7780887308237747,0.15630662441253662
CF-6-71,O=C(O)C1CN(C(=O)Nc2ccccc2)c2ccccc21,0,false,2.801475735722711,0.2049180418252945
CF-6-73,O=C(O)C1CN(C(=O)CN2CCOCC2)c2ccccc21,0,false,2.29201285669743,0.08675427734851837
CF-6-75,O=C(O)C1CN(C(=O)Cn2ccnc2)c2ccccc21,0,true,6.4100890663761145,0.18242321908473969
CF-6-82,O=C(O)C1CN(S(=O)(=O)N2CCOCC2)c2ccccc21,0,false,2.575137546010099,0.1985231190919876
CF-6-83,CNC(=O)C1CN(C(=O)c2cccc(C#N)c2)c2ccccc21,0,false,2.92420208753801,0.23012682795524597
CF-6-86,CS(=O)(=O)NC(=O)C1CN(C(=O)c2cccc(C#N)c2)c2ccccc21,0,false,2.787769336198242,0.2608075439929962
CF-6-96,CS(=O)(=O)NC(=O)C1CN(C(=O)c2cccc(C(N)=O)c2)c2ccccc21,0,false,2.6091726770253367,0.33287230134010315
CF-8-03,CN(C)CCCC(=O)Nc1cc2c(Nc3ccc(F)c(Cl)c3)ncnc2cc1OC1CCN(C(=O)CCOCCOCCOCCOCCOc2cccc3c2C(=O)N(C2CCC(=O)NC2=O)C3=O)CC1,1,false,2.2560562025695385,0.4013529121875763
CF-8-06,CN(C)CCCC(=O)Nc1cc2c(Nc3ccc(F)c(Cl)c3)ncnc2cc1OCc1cn(CCOCCOCCOCCOCCOc2cccc3c2C(=O)N(C2CCC(=O)NC2=O)C3=O)nn1.O=C(O)C(F)(F)F,1,false,-0.5341875949945004,0.3307626247406006
CF-8-12,COc1cc2ncnc(Nc3ccc(-c4cn(CCOCCOCCOCCOCCOc5cccc6c5C(=O)N(C5CCC(=O)NC5=O)C6=O)nn4)c(Cl)c3)c2cc1NC(=O)CCCN(C)C,1,false,-0.3848420540685103,0.39310547709465027
CF-8-165,COc1cc2ncnc(Nc3ccc(Cl)c(S(=O)(=O)N(C)C)c3)c2cc1N,1,true,5.097384319890072,0.3864457905292511
CF-8-166,CCN(C(C)C)S(=O)(=O)c1cc(Nc2ncnc3cc(OC)c(N)cc23)ccc1Cl,1,false,-0.21484193861196269,0.3810243010520935
CF-8-168,COc1cc2ncnc(Nc3ccc(Cl)c(S(=O)(=O)N4CCOCC4)c3)c2cc1N,1,true,5.073593643519822,0.38231977820396423
CF-8-169,COc1cc2ncnc(Nc3ccc(Cl)c(S(=O)(=O)N(C)CCO)c3)c2cc1N,1,true,5.464225053720733,0.39573433995246887
CF-8-225,C#Cc1ccc(Oc2cc3ncnc(Nc4ccc(-c5ncccn5)cc4)c3cc2N)cc1,1,false,0.639822979229112,0.4661672115325928
CF-8-239,CN(C)CCn1c(=O)[nH]c2cc3c(Nc4ccc(-c5ncccn5)cc4)ncnc3cc21,1,true,5.081074999675185,0.36869949102401733
CF-8-245,Cn1c(N)nc2cc3c(Nc4ccc(-c5ncccn5)cc4)ncnc3cc21,1,false,-0.2704092695681311,0.40237265825271606
CF-8-253,CCNc1nc2cc3c(Nc4ccc(-c5ncccn5)cc4)ncnc3cc2n1C,1,false,-0.22179043008238705,0.4633743166923523
CF-8-44,COc1cc2ncnc(Nc3ccc(-c4ncco4)cc3)c2cc1N,1,true,5.2896587817430945,0.3768545687198639
CF-8-48,COc1cc2ncnc(Nc3ccc(-c4cnco4)cc3)c2cc1N,1,false,0.3381761893493894,0.3291477859020233
CF-8-54,COc1cc2ncnc(Nc3ccc(-c4ncccn4)cc3)c2cc1N,1,true,5.0780779201333175,0.4681133031845093
CF-8-58,COc1cc2ncnc(Nc3ccc(OC(F)F)cc3)c2cc1N,1,false,-0.25076886437196,0.3241259455680847
CF-8-60,COc1cc2ncnc(Nc3ccc(NC(C)=O)cc3)c2cc1N,1,false,0.22757084226328583,0.5184860825538635
CSC000482201,O=C(c1sc2ccccc2c1Cl)N1CCOCC1,4,false,-0.9226565382896734,0.20731386542320251
CSC000487489,O=C(c1cc2ccccc2[nH]1)N1CCOCC1,4,false,-0.9257577437732065,0.11704712361097336
CSC000584532,O=C(c1cc2ccccc2o1)N1CCOCC1,4,false,-0.5010798582369091,0.2700102627277374
CSC000599708,O=C(c1cc2cc(F)ccc2s1)N1CCCC1,4,false,-0.040897868537187625,0.07030409574508667
CSC000613162,Cc1c(C(=O)N2CCOCC2)sc2ccccc12,4,false,0.34261058156485125,0.1367584466934204
CSC000723025,Cl.O=C(c1cc2ccccc2s1)N1CCNCC1,4,false,2.938712790953942,0.08213802427053452
CSC026025540,CC(C)(C)NC(=O)CN1CCCN(C(=O)c2cc3ccccc3s2)CC1,4,false,2.8652869481049508,0.11931862682104111
CSC026257373,N#Cc1ccc(N2CCN(C(=O)c3cc4ccccc4s3)CC2)nc1,4,true,6.26396255867704,0.11076526343822479
CSC026271276,O=C(NCCCCN1CCOCC1)c1cc2ccccc2s1,4,false,2.4772690461866267,0.08201366662979126
CSC026283272,O=C(c1cc2ccccc2s1)N1CCC(N2CCNC2=O)CC1,4,false,2.6765862338501187,0.16850653290748596
CSC026287815,O=C(c1cc2ccccc2s1)N1CCC(CN2CCOCC2)CC1,4,false,-0.49386553111225306,0.09154023975133896
CSC026321400,O=C(c1cc2c(s1)-c1ccccc1CC2)N1CCOCC1,4,false,2.9911379892357552,0.14609448611736298
CSC026321816,O=C(c1ccc(-c2nc3ccccc3s2)s1)N1CCOCC1,4,false,2.1612055489917137,0.4960929751396179
CSC026321858,O=C(c1sc2cc(Cl)ccc2c1Cl)N1CCOCC1,4,false,2.7939612800690092,0.2348492592573166
CSC026379739,CC(NC(=O)NCC(O)C1CC1)c1ccc(-c2ccncc2)cc1,2,false,-0.2515555392102535,0.0945214182138443
CSC026662386,O=C(NCC(c1cccs1)N1CCOCC1)c1cc2ccccc2s1,4,false,-0.6826414960875136,0.12584452331066132
CSC026686581,O=C(c1ccco1)N1CCN(C(=O)c2cc3ccccc3s2)CC1,4,false,2.6706832732685495,0.12900538742542267
CSC026692485,O=C(c1cc2c(F)cccc2s1)N1CCOC2CCCC21,4,false,2.772424149133697,0.33720168471336365
CSC026693315,Cc1c(C(=O)N2CCOCC2)sc2cccc(F)c12,4,false,-0.2134955030296754,0.34782734513282776
CSC026803846,O=C(NCCCN1CCOCC1)c1cc2ccccc2s1,4,false,-0.5506283574459083,0.09935083240270615
CSC026806135,O=C(c1cc2ccccc2s1)N1CCC(OCCCO)CC1,4,false,-0.31364994234098564,0.08770231157541275
CSC026820179,O=C(c1cc2ccccc2s1)N1CCN(CC2CCCO2)CC1,4,false,2.9352090198702405,0.1578356772661209
CSC026862760,Cc1c(C(=O)N2CCOC(C)C2)sc2ccccc12,4,false,2.8611889844888676,0.26370492577552795
CSC026866345,CC1CN(C(=O)c2cc3c(F)cccc3s2)CCO1,4,false,2.660051047295305,0.28926053643226624
CSC026866568,CC1CN(C(=O)c2cc3ccccc3s2)CCO1,4,false,2.973411947954917,0.18513783812522888
CSC026868280,O=C(CN1CCN(C(=O)c2cc3ccccc3s2)CC1)N1CCCC1,4,false,2.670068733792218,0.12581154704093933
CSC026898121,O=C(c1cc2ccccc2s1)N1CCN(Cc2cccc(Cl)c2)CC1,4,false,2.975267243472915,0.08017614483833313
CSC026903583,Cn1cnnc1C1CCN(C(=O)c2cc3ccccc3s2)CC1,4,false,-0.4869980362248089,0.3352450132369995
CSC026907877,Cc1ccccc1CN1CCN(C(=O)c2cc3ccccc3s2)CC1,4,false,2.7475215320782174,0.07970649749040604
CSC026922611,O=C(c1cc2ccccc2s1)N1CCN(C2CC2)CC1,4,false,-0.9610701930159476,0.14190565049648285
CSC026966465,O=C(c1cc2ccccc2s1)N1CCCN(c2nccs2)CC1,4,false,0.38871717791333554,0.1466674953699112
CSC027030125,O=C(c1cc2ccccc2s1)N1CCN(C2CCS(=O)(=O)C2)CC1,4,false,2.7477514871599427,0.14032544195652008
CSC027151389,O=C(c1cc2ccccc2s1)N1CCC2(CC1)OCCO2,4,false,2.9583736135152074,0.09926580637693405
CSC027181936,CCc1nnc2n1CCN(C(=O)c1cc3ccccc3s1)C2,4,false,2.799120261913655,0.308986634016037
CSC027185733,Cc1nnc2n1CCN(C(=O)c1cc3ccccc3s1)C2,4,false,2.3329442036050847,0.30819299817085266
CSC027222896,O=C(c1cc2ccccc2s1)N1CCN(C2CCCC2O)CC1,4,false,0.3902478280274429,0.11005856841802597
CSC027282453,CC(NCC#N)c1ccc(-c2ccncc2)cc1,2,false,2.5418063493530396,0.07324608415365219
CSC027341828,O=C(c1sc2cccc(F)c2c1COc1ccccc1)N1CCOCC1,4,false,0.26960309406137617,0.41812464594841003
CSC027355654,CCN(C)C(=O)NC(C)c1ccc(-c2ccncc2)cc1,2,false,2.898616486085749,0.06792107224464417
CSC027395181,CC1(C(=O)O)CCN(C(=O)c2cc3ccccc3s2)C1,4,false,2.6083085388825795,0.1337386965751648
CSC027465278,Cc1nc(C2CN(C(=O)c3cc4ccccc4s3)CCO2)no1,4,false,1.7986115725046552,0.3460139334201813
CSC027531052,O=C(c1cc2ccccc2s1)N1CCOCC2(CCOCC2)C1,4,false,2.8804725021487525,0.12998579442501068
CSC027541174,O=C(c1cc2ccccc2s1)N1CCN(S(=O)(=O)c2nnc[nH]2)CC1,4,false,-0.3293106967430251,0.3882525861263275
CSC027567290,Cc1ccc2sc(C(=O)N3CCOCC3c3nnc(C(C)C)o3)cc2c1,4,false,2.931300358985278,0.3348070979118347
CSC027575170,CC(NC(=O)NCCc1ccnn1C)c1ccc(-c2ccncc2)cc1,2,false,2.4982967677583687,0.26935866475105286
CSC027612047,CC(NC(=O)CSc1nccn1C)c1ccc(-c2ccncc2)cc1,2,false,2.6801563894714984,0.15739232301712036
CSC027615804,CC(C)NC(=O)NC(C)c1ccc(-c2ccncc2)cc1,2,false,-0.6318471506926885,0.09112316370010376
CSC027618409,Cn1cc(N2CCN(C(=O)c3cc4ccccc4s3)CC2)cn1,4,false,2.70950515624251,0.12107261270284653
CSC027618420,CC(NC(=O)C1CCN(c2cnccn2)CC1)c1ccc(-c2ccncc2)cc1,2,false,2.3049765505525537,0.13290366530418396
CSC027619059,CC(NC(=O)N(CCO)C1CC1)c1ccc(-c2ccncc2)cc1,2,false,2.6232116116925526,0.07442937046289444
CSC027619078,CC(NC(=O)NCC(C)(C)O)c1ccc(-c2ccncc2)cc1,2,false,2.4071010799467434,0.08333786576986313
CSC027659709,Cc1c(C(=O)N2CCOC(C(=O)O)C2)sc2ccc(F)cc12,4,false,-0.16569557094966333,0.25735968351364136
CSC027661285,Cc1c(C(=O)N2CCOCC2C(=O)O)sc2ccccc12,4,false,2.6151452454150186,0.18631680309772491
CSC027661759,O=C(O)C1COCCN1C(=O)c1cc2ccccc2s1,4,false,2.6567434015617573,0.21773749589920044
CSC027663852,Cc1c(C(=O)N2CCOC(CC(=O)O)C2)sc2ccccc12,4,false,0.814207842780483,0.2406967133283615
CSC027665728,Cc1ccc2sc(C(=O)N3CCOCC3c3cccn3C)cc2c1,4,false,2.826296235846108,0.3246125280857086
CSC027674059,O=C(c1cc2ccccc2s1)N1CCC(Nc2nccs2)CC1,4,false,2.617078178686587,0.09160871058702469
CSC027732631,COCc1c(C(=O)N2CC(C)OCC2C)sc2ccccc12,4,false,2.65729557405355,0.3924718201160431
CSC027751277,CC(=O)NCC1CCN(C(=O)c2cc3ccccc3s2)CC1,4,false,-1.0464964561176364,0.08766002953052521
CSC027753125,O=C(c1cc2c(s1)-c1ccccc1OC2)N1CCOCC1,4,false,2.677289742377295,0.2082895189523697
CSC027785401,Cn1cc(C2(C)CN(C(=O)c3cc4ccccc4s3)CCO2)cn1,4,false,-0.4397653369543304,0.3940855860710144
CSC027824530,Cc1c(C(=O)N2CCOCC2)sc2ccc(F)cc12,4,false,2.24109309704601,0.11724697053432465
CSC027828492,O=C(c1cc2ccccc2s1)N1CCCCC1c1ncon1,4,false,2.7215145724396534,0.3417052924633026
CSC028124968,CC(NC(=O)C(C)(C)C#N)c1ccc(-c2ccncc2)cc1,2,false,2.4215252370191496,0.10505866259336472
CSC030045833,NS(=O)(=O)C1CCN(C(=O)c2cc3ccccc3s2)C1,4,false,2.6631607811079334,0.24035872519016266
CSC057765040,CC(C)[C@H](N)C(=O)NC1CCN(c2ccccc2Cl)C1=O,5,false,2.339773872135576,0.048257529735565186
CSC058763792,O=C(N[C@H]1C[C@@H](O)C1)C1CC(=O)N(c2ccccc2Cl)C1,0,false,2.3454754239012,0.1347685605287552
CSC058941942,Cc1nnc(C2COCCN2C(=O)c2cc3ccccc3s2)o1,4,false,2.6632179030718977,0.2604580819606781
CSC067257834,O=C(Nc1cccnc1O)C1CC(=O)N(c2ccccc2Cl)C1,0,false,2.8650384442034236,0.16029556095600128
CSC083125584,Cc1cc(N2CCC(Nc3ccc(C)c(C(N)=O)c3)C2=O)n(C)n1,5,false,2.4916838056070274,0.16911572217941284
CSC097045727,Cc1cc(C(=O)NC2CCCN(c3ccccc3Cl)C2=O)ncc1C(N)=O,5,false,2.789870084182605,0.08913279324769974
CSC102892928,CCS(=O)(=O)N1CCN(C(=O)c2cc3ccccc3s2)CC1,4,false,2.540184531647001,0.16347342729568481
CSC103954470,COC1CCN(C(=O)c2cc3ccccc3s2)CC1,4,false,2.533163269896877,0.06965123116970062
CSC106192597,CN1CCC(N(C)C(=O)c2ccc(=O)n(Cc3ccccc3Cl)c2)CC1,0,false,2.8242928102257663,0.15355204045772552
CSC133034860,CC1CN(C(=O)c2cc3ccccc3s2)CC(C)O1,4,false,2.6856949925037528,0.185586616396904
CSC133055435,CNC(=O)C1CN(C(=O)c2cc3cc(C)ccc3s2)CCO1,4,false,1.4060246854352574,0.2898779511451721
CSC133150101,O=C(c1cc2ccccc2s1)N1C[C@@]2(CO)C[C@@]2(CO)C1,4,false,2.821952697238313,0.10004287958145142
CSC138464531,Cc1nnc(C2CN(C(=O)c3sc4ccccc4c3C)CCO2)o1,4,false,-0.45694788491053906,0.34398576617240906
CSC138552571,CC(NCCC(=O)O)c1ccc(-c2ccncc2)cc1,2,false,2.701020487796611,0.07037639617919922
CSSS00026264922,Cc1ccc(N2CC(C(=O)N3CCCN(C)CC3)CC2=O)cc1,0,false,-0.6209193295266227,0.2199571132659912
CSSS00027380692,NC(=O)c1cc(NC2CCN(c3ccccc3F)C2=O)ccc1Cl,5,false,1.855048435566541,0.16858336329460144
CSSS00027403153,O=C1C(Nc2ccc3oc(=O)[nH]c3c2)CCN1c1ccccc1Cl,5,false,-0.24095924198252394,0.11678507179021835
CSSS00027692262,O=C(O)C1CN(C(=O)c2cc(Cl)ccc2F)c2ccccc21,0,false,-0.11414489940812889,0.2144402116537094
CSSS00027692525,O=C(O)C1CN(C(=O)c2cc(Br)ccc2F)c2ccccc21,0,false,2.2242896516709885,0.23699942231178284
CSSS00105258832,COc1ccccc1N1CCC(Nc2ccc3c(c2)CC(=O)N3)C1=O,5,false,2.223277450939865,0.07919912785291672
CSSS00106254874,O=C1Cc2cc(NC3CCN(c4ccccc4C(F)(F)F)C3=O)ccc2N1,5,false,2.6312803752971634,0.08570059388875961
CSSS00116250816,O=C(NCc1nccc2ccccc12)C1CC(=O)N(c2ccccc2Cl)C1,0,false,-0.1597404341189702,0.12638700008392334
CSSS00160446616,O=C(C1CC(=O)N(c2ccccc2)C1)N1CCN(C2CC2)C(=O)C1,0,false,-1.0888394829292474,0.1383575201034546
UNC-ZDG-148-2,O=C(Nc1ccc(F)c(O)c1)C1CC(=O)N(c2ccc(Cl)cc2)C1,0,false,2.018685183058537,0.10203015059232712
UNC-ZDG-150-1,Cn1cc(S(=O)(=O)N[C@@H]2CCN(c3ccccc3)C2=O)cn1,5,true,5.991845316378096,0.0538393072783947
UNC-ZDG-150-3,O=C1[C@H](NS(=O)(=O)c2ccc(C(F)(F)F)cc2)CCN1c1ccccc1,5,false,-0.6335638494607426,0.06242367997765541
UNC-ZDG-150-6,O=C1[C@H](NS(=O)(=O)N2CCOCC2)CCN1c1ccccc1,5,false,2.810613251787662,0.07871244102716446
UNC-ZDG-167-1,Brc1cnc2nc(Nc3ccc(Oc4ncccn4)cc3)[nH]c2c1,1,true,5.061751188302091,0.26024821400642395
UNC-ZDG-182-2,COC(=O)c1ccc(Nc2ncnc3cc(OC)c(OC)cc23)cc1,1,true,5.29159695265792,0.32851940393447876
UNC-ZDG-183-2,COCCOc1cc2ncnc(Nc3ccc(C(=O)OC)cc3)c2cc1OCCOC,1,true,5.504495193388115,0.30824366211891174
UNC-ZDG-190,CC(=O)Nc1ccc(Oc2ncncc2N)cc1,1,false,2.0333395763765902,0.1023353710770607
UNC-ZDG-293-1,Fc1cnc2nc(Nc3ccc(Oc4ncccn4)cc3)[nH]c2c1,1,true,5.214444370531469,0.25801703333854675
UNC-ZDG-293-2,Clc1c(Br)cnc2nc(Nc3ccc(Oc4ncccn4)cc3)[nH]c12,1,true,6.529314330820379,0.2821575403213501
UNC-ZDG-293-3,Clc1cnc2nc(Nc3ccc(Oc4ncccn4)cc3)[nH]c2c1,1,true,5.018534393601503,0.24802763760089874
UNC-ZDG-294-1,Fc1cc(Br)cc2[nH]c(Nc3ccc(Oc4ncccn4)cc3)nc12,1,false,-0.04296048474934382,0.32492202520370483
UNC-ZDG-294-3,Cn1c(Nc2ccc(Oc3ncccn3)cc2)nc2cc(Br)cnc21,1,true,5.2663959223028085,0.23486538231372833
UNC-ZDG-436-A,CCN(CC)S(=O)(=O)c1cc(Nc2nc(N3CCOCC3)nc3cc(OC)c(N)cc23)ccc1Cl,1,true,5.943425687419089,0.4489712715148926
UNC-ZDG-438-A,CCN(CC)S(=O)(=O)c1cc(Nc2nc(N3CNC(=O)C3)nc3cc(OC)c(N)cc23)ccc1Cl,1,false,-0.9409645473190792,0.3848407566547394
UNC-ZDG-81-1,O=C(NCCc1ccc(O)cc1)c1ccc(=O)n(Cc2ccccc2Cl)c1,0,false,2.3891689666196134,0.16724619269371033
UNC-ZDG-81-10,CC(C)(C)OC(=O)NCCN1CCN(C(=O)C2CC(=O)N(c3ccccc3)C2)CC1.O=C(O)OC(F)(F)F,0,false,2.8437467189078833,0.19556817412376404
UNC-ZDG-81-11,CC(C)(C)OC(=O)NCCN1CCN(C(=O)C2CC(=O)N(C3CCCCC3)C2)CC1.O=C(O)OC(F)(F)F,0,false,2.1097532367212604,0.20514042675495148
UNC-ZDG-81-2,CC(C)(C)OC(=O)NCCN1CCN(C(=O)C2CC(=O)N(c3ccc(F)cc3)C2)CC1.O=C(O)OC(F)(F)F,0,false,2.2079339585462168,0.170105442404747
UNC-ZDG-81-3,CC(C)(C)OC(=O)NCCN1CCN(C(=O)C2CC(=O)N(Cc3ccccc3)C2)CC1.O=C(O)OC(F)(F)F,0,false,2.4576589984101087,0.12205402553081512
UNC-ZDG-81-5,CC(C)(C)OC(=O)NCCN1CCN(C(=O)C2CC(=O)N(c3ccc(Cl)cc3)C2)CC1.O=C(O)OC(F)(F)F,0,false,2.704939910304006,0.19667138159275055
UNC-ZDG-81-6,Cc1cccc(N2CC(C(=O)N3CCN(CCNC(=O)OC(C)(C)C)CC3)CC2=O)c1.O=C(O)OC(F)(F)F,0,false,2.6561268267080727,0.188526913523674
UNC-ZDG-81-7,CC(C)(C)OC(=O)NCCN1CCN(C(=O)C2CC(=O)N(c3cccc(Cl)c3)C2)CC1.O=C(O)OC(F)(F)F,0,false,2.685572709135243,0.19458580017089844
UNC-ZDG-81-8,Cc1ccccc1N1CC(C(=O)N2CCN(CCNC(=O)OC(C)(C)C)CC2)CC1=O.O=C(O)OC(F)(F)F,0,false,2.119254439957681,0.15560106933116913
UNC-ZDG-81-9,CC(C)(C)OC(=O)NCCN1CCN(C(=O)C2CC(=O)N(c3ccccc3Cl)C2)CC1.O=C(O)OC(F)(F)F,0,false,2.2463453231450545,0.13131701946258545
UNC-ZDG-82-9,COc1ccc(NC(=O)C2CC(=O)N(c3ccccc3F)C2)cc1O,0,false,2.994260809767495,0.12813082337379456
UNC-ZDG-83-10,NCCN1CCN(C(=O)C2CC(=O)N(c3ccccc3)C2)CC1.O=C(O)C(F)(F)F,0,false,2.1662590093075287,0.13987624645233154
UNC-ZDG-83-6,Cc1cccc(N2CC(C(=O)N3CCN(CCN)CC3)CC2=O)c1.O=C(O)C(F)(F)F,0,false,2.3591757400990714,0.1624419391155243
UNC-ZDG-83-7,NCCN1CCN(C(=O)C2CC(=O)N(c3cccc(Cl)c3)C2)CC1.O=C(O)C(F)(F)F,0,false,2.7728979542515075,0.17837823927402496
UNC-ZDG-84-1,O=C1CC(C(=O)N2C(=O)OCC2Cc2ccccc2)CN1c1ccccc1,0,false,2.78844018805066,0.08719472587108612
UNC-ZDG-86-1,CN1CCN(C(=O)C2CC(=O)N(c3cccc(F)c3)C2)CC1.O=C(O)C(F)(F)F,0,false,2.2692006522703343,0.13956770300865173
UNC-ZDG-86-2,CN1CCN(C(=O)C2CC(=O)N(c3ccc(F)cc3)C2)CC1.O=C(O)C(F)(F)F,0,false,2.2896228748705685,0.1267004907131195
UNC-ZDG-86-3,CN1CCN(C(=O)C2CC(=O)N(Cc3ccccc3)C2)CC1.O=C(O)C(F)(F)F,0,false,2.2321205805591595,0.10215254127979279
UNC-ZDG-86-4,Cc1ccc(N2CC(C(=O)N3CCN(C)CC3)CC2=O)cc1.O=C(O)C(F)(F)F,0,false,2.9785522619217444,0.1849588006734848
UNC-ZDG-86-6,Cc1cccc(N2CC(C(=O)N3CCN(C)CC3)CC2=O)c1.O=C(O)C(F)(F)F,0,false,2.290446675796727,0.1624419391155243
UNC-ZDG-86-7,Cc1ccccc1N1CC(C(=O)N2CCN(C)CC2)CC1=O.O=C(O)C(F)(F)F,0,false,2.3370697753818863,0.1377839893102646
UNC-ZDG-86-9,CN1CCN(C(=O)C2CC(=O)N(C3CCCCC3)C2)CC1.O=C(O)C(F)(F)F,0,false,2.1054598208783655,0.1403380185365677
UNC-ZDG-87-2,CN1CCC(NC(=O)C2CC(=O)N(c3cccc(F)c3)C2)CC1.O=C(O)C(F)(F)F,0,false,2.4643162977393622,0.12820284068584442
UNC-ZDG-87-3,CN1CCC(NC(=O)C2CC(=O)N(c3ccc(F)cc3)C2)CC1.O=C(O)C(F)(F)F,0,false,2.254677378290365,0.12011854350566864
UNC-ZDG-87-4,Cc1ccc(N2CC(C(=O)NC3CCN(C)CC3)CC2=O)cc1.O=C(O)C(F)(F)F,0,false,2.350712218131553,0.16282933950424194
UNC-ZDG-87-5,CN1CCC(NC(=O)C2CC(=O)N(c3ccc(Cl)cc3)C2)CC1.O=C(O)C(F)(F)F,0,false,2.525564641473313,0.1501925140619278
UNC-ZDG-87-6,Cc1cccc(N2CC(C(=O)NC3CCN(C)CC3)CC2=O)c1.O=C(O)C(F)(F)F,0,false,2.94972020857941,0.14253537356853485
UNC-ZDG-87-7,Cc1ccccc1N1CC(C(=O)NC2CCN(C)CC2)CC1=O.O=C(O)C(F)(F)F,0,false,2.213366156536444,0.12804391980171204
UNC-ZDG-87-8,CN1CCC(NC(=O)C2CC(=O)N(c3ccccc3)C2)CC1.O=C(O)C(F)(F)F,0,false,2.815089935326148,0.13271388411521912
Z1020943668,O=C1Nc2ccccc2C1C1CCN(C(=O)C2CC(=O)N(c3ccc4c(c3)OCCO4)C2)CC1,0,true,5.098351281428768,0.12162888795137405
ZDG-049,NCCN1CCN(C(=O)C2CC(=O)N(c3ccccc3F)C2)CC1.O=C(O)C(F)(F)F.O=C(O)C(F)(F)F,0,false,2.933706209795103,0.1437338888645172
