compound_id,canonical_smiles,fold,is_binder,pKD_global_mean,oof_p_binder_xgb_morgan_fp_pocket
1167298751,CN(CC1CCCNC1)C(=O)c1ccc(=O)n(Cc2ccccc2Cl)c1,0,false,2.8363811201272076,0.05420101433992386
1181032117,NC(=O)C1CCN1C(=O)NC1CCN(c2ccccc2Cl)C1=O,5,false,2.365909297963787,0.07855129987001419
173355673,CN(CC1CCCO1)C(=O)c1ccc(=O)n(Cc2ccccc2Cl)c1,0,false,2.751116081281551,0.07647191733121872
268757722,O=C(Nc1ncccc1O)C1CC(=O)N(c2c(F)cccc2F)C1,0,false,2.8682547832756664,0.20985238254070282
302181339,CN1CCC(N(C)C(=O)c2ccc(=O)n(Cc3ccccc3Cl)c2)C1=O,0,false,2.881901889586504,0.05394338071346283
342853879,Cc1ccc(S(C)(=O)=O)cc1C(=O)NC1CCN(c2ccccc2Cl)C1=O,5,false,2.6933148710185884,0.06403803080320358
354012616,Cc1ccc(NC(=O)C(=O)NC2CCN(c3ccccc3Cl)C2=O)cc1,5,false,2.4511834020634047,0.6176451444625854
427095899,Cc1ccc(NC2CCCN(c3ccccc3)C2=O)cc1C(N)=O,5,false,2.9864723841983007,0.6236871480941772
444853644,COc1ccccc1N1CCCC(Nc2ccc(C)c(C(N)=O)c2)C1=O,5,false,2.9173368754446702,0.4549519121646881
543294655,Cc1cc(=O)[nH]cc1C(=O)NC1CCN(c2ccccc2Cl)C1=O,5,false,2.45415781378126,0.0781058520078659
773212998,CC(C)N1CCC(N(C)C(=O)c2ccc(=O)n(Cc3ccccc3Cl)c2)C1,0,false,2.977942440727496,0.05921832099556923
97315646,CCN(CC(=O)N(C)C)C(=O)c1ccc(=O)n(Cc2ccccc2Cl)c1,0,false,2.670745192395454,0.06473498046398163
CF-10-034,COc1cc2nc(C(=O)O)nc(Nc3ccc(-c4ncccn4)cc3)c2cc1OC,1,false,0.7935955610654086,0.11278226971626282
CF-10-045,COc1cc2nc(N3CCN(C(C)=O)CC3)nc(Nc3ccc(-c4ncccn4)cc3)c2cc1OC,1,true,5.376361287678498,0.20641310513019562
CF-10-050,COc1cc2nc(N3CCC(C(=O)O)CC3)nc(Nc3ccc(-c4ncccn4)cc3)c2cc1OC,1,true,5.5521924334854065,0.15457245707511902
CF-10-051,COc1cc2nc(N(C)CCO)nc(Nc3ccc(-c4ncccn4)cc3)c2cc1OC,1,false,1.4009037918627234,0.30164745450019836
CF-10-061,COc1cc2nc(NCc3ccccc3)nc(Nc3ccc(-c4ncccn4)cc3)c2cc1OC,1,true,5.3564702309489896,0.37745851278305054
CF-10-063,COc1cc2nc(NCCO)nc(Nc3ccc(-c4ncccn4)cc3)c2cc1OC,1,true,6.119865879807937,0.19683119654655457
CF-10-065,COc1cc2nc(NCC(=O)O)nc(Nc3ccc(-c4ncccn4)cc3)c2cc1OC,1,false,0.6955934447483199,0.11304597556591034
CF-10-066,CNC(=O)CNc1nc(Nc2ccc(-c3ncccn3)cc2)c2cc(OC)c(OC)cc2n1,1,false,1.0080588111465805,0.19672925770282745
CF-10-071,COc1cc2nc(OCCO)nc(Nc3ccc(-c4ncccn4)cc3)c2cc1OC.O=CO,1,false,0.3479859922314758,0.20763161778450012
CF-10-073,COc1cc2nc(OCC(=O)O)nc(Nc3ccc(-c4ncccn4)cc3)c2cc1OC,1,true,5.246886067269574,0.10927971452474594
CF-10-074,CNC(=O)COc1nc(Nc2ccc(-c3ncccn3)cc2)c2cc(OC)c(OC)cc2n1,1,false,0.032534178134083484,0.18995453417301178
CF-10-075,CCOCCNC(=O)COc1nc(Nc2ccc(-c3ncccn3)cc2)c2cc(OC)c(OC)cc2n1,1,false,0.37890078855742476,0.1746513694524765
CF-2-09,COc1ccccc1NC1CCN(c2ccccc2Cl)C1=O,5,false,2.7767806837113187,0.07159963250160217
CF-2-102,CN1CCN(C(=O)c2ccc(N[C@H]3CCN(c4ccccc4F)C3=O)cc2)CC1,5,false,-0.4931510078333014,0.23183448612689972
CF-2-103,CN1CCC(CNC(=O)c2ccc(N[C@H]3CCN(c4ccccc4F)C3=O)cc2)CC1,5,false,-0.604841704977382,0.41602078080177307
CF-2-105,O=C(Nc1ccccc1)c1ccc(N[C@H]2CCN(c3ccccc3F)C2=O)cc1,5,false,0.15043813180995477,0.17298762500286102
CF-2-106,CN(C)CCNC(=O)c1ccc(N[C@H]2CCN(c3ccccc3Cl)C2=O)cc1,5,false,-0.4472806361978953,0.6032570004463196
CF-2-108,CC(=O)N1CCN(C(=O)c2ccc(N[C@H]3CCN(c4ccccc4Cl)C3=O)cc2)CC1,5,false,-0.4429961720795169,0.5829131603240967
CF-2-109,CN1CCC(NC(=O)c2ccc(N[C@H]3CCN(c4ccccc4Cl)C3=O)cc2)CC1,5,false,-0.4304356549637877,0.6791037917137146
CF-2-111,NCCCNC(=O)c1ccc(N[C@H]2CCN(c3ccccc3Cl)C2=O)cc1,5,false,2.8364806538058462,0.3202330768108368
CF-2-112,CN(CCCNC(=O)OC(C)(C)C)C(=O)c1ccc(N[C@H]2CCN(c3ccccc3Cl)C2=O)cc1,5,false,0.4915666125393126,0.3469918966293335
CF-2-114,CN1CCN(C(=O)c2ccc(N[C@H]3CCN(c4ccccc4Cl)C3=O)cc2)CC1,5,false,-0.5736485094149807,0.5866334438323975
CF-2-115,CN1CCC(CNC(=O)c2ccc(N[C@H]3CCN(c4ccccc4Cl)C3=O)cc2)CC1,5,false,0.04693972444836963,0.6129459738731384
CF-2-117,O=C(Nc1ccccc1)c1ccc(N[C@H]2CCN(c3ccccc3Cl)C2=O)cc1,5,false,-0.8128289894242487,0.2618480920791626
CF-2-118,CN(C)CCNC(=O)c1cccc(N[C@H]2CCN(c3ccccc3F)C2=O)c1,5,false,2.9142259004652944,0.1965673714876175
CF-2-119,CN(C)CCN(C)C(=O)c1cccc(N[C@H]2CCN(c3ccccc3F)C2=O)c1,5,false,0.4156960224759323,0.1583014279603958
CF-2-120,CC(=O)N1CCN(C(=O)c2cccc(N[C@H]3CCN(c4ccccc4F)C3=O)c2)CC1,5,false,2.4416289068500148,0.15838631987571716
CF-2-121,CN1CCC(NC(=O)c2cccc(N[C@H]3CCN(c4ccccc4F)C3=O)c2)CC1,5,false,-0.5246513839194187,0.18530206382274628
CF-2-122,CC(C)(C)OC(=O)NCCCNC(=O)c1cccc(N[C@H]2CCN(c3ccccc3F)C2=O)c1,5,false,2.7785217054977482,0.18404358625411987
CF-2-123,NCCCNC(=O)c1cccc(N[C@H]2CCN(c3ccccc3F)C2=O)c1,5,false,2.949706990973341,0.22646313905715942
CF-2-126,CN1CCN(C(=O)c2cccc(N[C@H]3CCN(c4ccccc4F)C3=O)c2)CC1,5,false,-0.13443833130731178,0.135898619890213
CF-2-127,CN1CCC(CNC(=O)c2cccc(N[C@H]3CCN(c4ccccc4F)C3=O)c2)CC1,5,false,-0.35210328801459784,0.26130157709121704
CF-2-128,O=C(NCc1ccccc1)c1cccc(N[C@H]2CCN(c3ccccc3F)C2=O)c1,5,false,1.7434259932658895,0.26010581851005554
CF-2-130,CN(C)CCNC(=O)c1ccnc(N[C@H]2CCN(c3ccccc3Cl)C2=O)c1,5,false,2.7533878027660745,0.10125202685594559
CF-2-132,CC(=O)N1CCN(C(=O)c2ccnc(N[C@H]3CCN(c4ccccc4Cl)C3=O)c2)CC1,5,false,0.10011850246257825,0.24496173858642578
CF-2-133,CN1CCC(NC(=O)c2ccnc(N[C@H]3CCN(c4ccccc4Cl)C3=O)c2)CC1,5,false,1.8134914007633611,0.13322043418884277
CF-2-134,CC(C)(C)OC(=O)NCCCNC(=O)c1ccnc(N[C@H]2CCN(c3ccccc3Cl)C2=O)c1,5,false,-0.5338569645679782,0.12496665865182877
CF-2-135,NCCCNC(=O)c1ccnc(N[C@H]2CCN(c3ccccc3Cl)C2=O)c1,5,false,2.8834071720673347,0.10919973999261856
CF-2-136,CN(CCCNC(=O)OC(C)(C)C)C(=O)c1ccnc(N[C@H]2CCN(c3ccccc3Cl)C2=O)c1,5,false,-0.05558148200310212,0.1256372332572937
CF-2-137,CN(CCCN)C(=O)c1ccnc(N[C@H]2CCN(c3ccccc3Cl)C2=O)c1,5,false,-0.05993753228093293,0.09146518260240555
CF-2-139,CN1CCC(CNC(=O)c2ccnc(N[C@H]3CCN(c4ccccc4Cl)C3=O)c2)CC1,5,false,2.202012212107503,0.10920483618974686
CF-2-140,O=C(NCc1ccccc1)c1ccnc(N[C@H]2CCN(c3ccccc3Cl)C2=O)c1,5,false,-0.6527516692990689,0.12940096855163574
CF-2-141,O=C(Nc1ccccc1)c1ccnc(N[C@H]2CCN(c3ccccc3Cl)C2=O)c1,5,false,-0.28781812275780067,0.6479489207267761
CF-2-142,CN(C)CCNC(=O)c1ccnc(N[C@H]2CCN(c3ccccc3F)C2=O)c1,5,false,-0.38663195149416096,0.09320215880870819
CF-2-143,CN(C)CCN(C)C(=O)c1ccnc(N[C@H]2CCN(c3ccccc3F)C2=O)c1,5,false,-0.6125481700100146,0.07934834808111191
CF-2-145,CN1CCC(NC(=O)c2ccnc(N[C@H]3CCN(c4ccccc4F)C3=O)c2)CC1,5,false,-0.7856982300802697,0.1262102723121643
CF-2-146,CC(C)(C)OC(=O)NCCCNC(=O)c1ccnc(N[C@H]2CCN(c3ccccc3F)C2=O)c1,5,false,-0.1861456673935675,0.10793415457010269
CF-2-147,NCCCNC(=O)c1ccnc(N[C@H]2CCN(c3ccccc3F)C2=O)c1,5,false,2.6084171913066685,0.10434924066066742
CF-2-148,CN(CCCNC(=O)OC(C)(C)C)C(=O)c1ccnc(N[C@H]2CCN(c3ccccc3F)C2=O)c1,5,false,-0.012854764186705026,0.10096663236618042
CF-2-150,CN1CCN(C(=O)c2ccnc(N[C@H]3CCN(c4ccccc4F)C3=O)c2)CC1,5,false,2.3385388523938104,0.128592386841774
CF-2-152,O=C(NCc1ccccc1)c1ccnc(N[C@H]2CCN(c3ccccc3F)C2=O)c1,5,false,-0.9661154269529021,0.12058734893798828
CF-2-153,O=C(Nc1ccccc1)c1ccnc(N[C@H]2CCN(c3ccccc3F)C2=O)c1,5,false,-0.4885389016823467,0.30630895495414734
CF-2-156,CC(=O)N1CCN(C(=O)c2cc(N[C@H]3CCN(c4ccccc4Cl)C3=O)ccc2C)CC1,5,false,0.7883291013192472,0.5544741749763489
CF-2-157,Cc1ccc(N[C@H]2CCN(c3ccccc3Cl)C2=O)cc1C(=O)NC1CCN(C)CC1,5,false,2.717560100472961,0.37223535776138306
CF-2-160,Cc1ccc(N[C@H]2CCN(c3ccccc3Cl)C2=O)cc1C(=O)N(C)CCCNC(=O)OC(C)(C)C,5,false,2.909394634657932,0.26374682784080505
CF-2-161,Cc1ccc(N[C@H]2CCN(c3ccccc3Cl)C2=O)cc1C(=O)N(C)CCCN.Cl,5,false,-0.6415652984903014,0.15570031106472015
CF-2-162,Cc1ccc(N[C@H]2CCN(c3ccccc3Cl)C2=O)cc1C(=O)N1CCN(C)CC1,5,false,-0.04531573320478738,0.5948193669319153
CF-2-163,Cc1ccc(N[C@H]2CCN(c3ccccc3Cl)C2=O)cc1C(=O)NCC1CCN(C)CC1,5,false,2.5418534528173042,0.32614490389823914
CF-2-167,Cc1ccc(N[C@H]2CCN(c3ccccc3F)C2=O)cc1C(=O)N(C)CCN(C)C.O=CO,5,false,2.857659851817425,0.1131773367524147
CF-2-168,CC(=O)N1CCN(C(=O)c2cc(N[C@H]3CCN(c4ccccc4F)C3=O)ccc2C)CC1,5,false,1.5756558594904384,0.1546291708946228
CF-2-169,Cc1ccc(N[C@H]2CCN(c3ccccc3F)C2=O)cc1C(=O)NC1CCN(C)CC1,5,false,2.4306240100975187,0.0961286798119545
CF-2-170,Cc1ccc(N[C@H]2CCN(c3ccccc3F)C2=O)cc1C(=O)NCCCNC(=O)OC(C)(C)C,5,false,-0.07811060728170272,0.15104742348194122
CF-2-178,O=C(CCOCCOCCOCCOCCOc1cccc2c1C(=O)N(C1CCC(=O)NC1=O)C2=O)NCCCNC(=O)c1ccc(N[C@H]2CCN(c3ccccc3F)C2=O)cc1,5,false,2.473066459538685,0.2927100956439972
CF-2-181,NC(=O)c1cc(N[C@H]2CCN(c3ccccc3)C2=O)ccc1Cl,5,false,2.505242889483347,0.6623148918151855
CF-2-184,COc1ccc(N2CC[C@H](Nc3ccc(Cl)c(C(N)=O)c3)C2=O)cc1,5,false,0.531769410246588,0.6747112274169922
CF-2-192,CCc1ccc(N2CC[C@H](Nc3ccc(Cl)c(C(N)=O)c3)C2=O)cc1,5,true,5.467107978679741,0.3842933177947998
CF-2-194,Cc1ccc(N2CC[C@H](Nc3ccc(Cl)c(C(=O)NCCC(F)(F)F)c3)C2=O)cc1,5,false,-0.5955812803060881,0.6313770413398743
CF-2-195,Cc1ccc(N2CC[C@H](Nc3ccc(Cl)c(C(=O)NCCc4c[nH]c5ccccc45)c3)C2=O)cc1,5,false,-0.8665098892560215,0.43414145708084106
CF-2-197,Cc1ccc(N2CC[C@H](Nc3ccc(Cl)c(C(=O)N4CCN(C)CC4)c3)C2=O)cc1,5,false,-0.811795914286607,0.5519877076148987
CF-2-199,Cc1ccc(N2CC[C@H](Nc3ccc(Cl)c(C(=O)N4CCOCC4)c3)C2=O)cc1,5,false,2.151859157259673,0.4913972318172455
CF-2-200,Cc1ccc(N2CC[C@H](Nc3ccc(Cl)c(C(=O)NC4CCN(C)CC4)c3)C2=O)cc1,5,false,0.6983577589329186,0.31800517439842224
CF-2-201,CC(=O)N1CCC(NC(=O)c2cc(N[C@H]3CCN(c4ccc(C)cc4)C3=O)ccc2Cl)CC1,5,false,0.1170122021521509,0.6136349439620972
CF-2-205,Cc1ccc(N2CC[C@H](Nc3ccc(Cl)c(C(=O)NCc4c[nH]cn4)c3)C2=O)cc1,5,true,6.337161471114092,0.29986196756362915
CF-2-206,Cc1ccc(N2CC[C@H](Nc3ccc(Cl)c(C(=O)NCc4cocn4)c3)C2=O)cc1,5,false,2.906614728813024,0.3511689305305481
CF-2-207,Cc1ccc(N2CC[C@H](Nc3ccc(Cl)c(C(=O)NCCNC(=O)OC(C)(C)C)c3)C2=O)cc1,5,false,-0.35560666616068043,0.6536734104156494
CF-2-209,Cc1ccc(N2CC[C@H](Nc3ccc(Cl)c(C(=O)NCCCNC(=O)OC(C)(C)C)c3)C2=O)cc1,5,false,-0.25476830796710037,0.5800976157188416
CF-2-211,COC(=O)CCNC(=O)c1cc(N[C@H]2CCN(c3ccc(C)cc3)C2=O)ccc1Cl,5,false,-0.07562744075826791,0.5744377970695496
CF-2-212,Cc1ccc(N2CC[C@H](Nc3ccc(Cl)c(C(=O)NCCC(=O)O)c3)C2=O)cc1,5,false,2.720692692548038,0.6588929891586304
CF-2-213,COC(=O)C1CCN(C(=O)c2cc(N[C@H]3CCN(c4ccc(C)cc4)C3=O)ccc2Cl)CC1,5,false,-0.41746191362273094,0.5556049942970276
CF-2-214,Cc1ccc(N2CC[C@H](Nc3ccc(Cl)c(C(=O)N4CCC(C(=O)O)CC4)c3)C2=O)cc1,5,false,-0.04607244630199226,0.5793524980545044
CF-2-216,Cc1ccc(N2CC[C@H](Nc3ccc(Cl)c(C(=O)N(C)CC(=O)O)c3)C2=O)cc1,5,false,2.313064655083397,0.7382529973983765
CF-2-217-Int-12,NCCCNC(=O)c1ccc(NC2CCN(c3ccccc3F)C2=O)cc1,5,false,-0.1704108866858407,0.23011359572410583
CF-2-218,O=C(NCCCNC(=O)C1CC1)c1ccc(N[C@H]2CCN(c3ccccc3F)C2=O)cc1,5,true,7.538177818464019,0.28454846143722534
CF-2-219,CCNC(=O)NCCCNC(=O)c1ccc(N[C@H]2CCN(c3ccccc3F)C2=O)cc1,5,false,-0.430623419961011,0.3498086929321289
CF-2-220,O=C(NCCCNC(=O)c1ccc(N[C@H]2CCN(c3ccccc3F)C2=O)cc1)O[C@@H]1CCOC1,5,false,2.5260212439841006,0.5715163350105286
CF-2-221,O=C(NCCCNC(=O)c1ccc(N[C@H]2CCN(c3ccccc3F)C2=O)cc1)O[C@H]1CCOC1,5,false,1.9396212538485034,0.5715163350105286
CF-2-223,Cn1cnc(C(=O)NCCCNC(=O)c2ccc(N[C@H]3CCN(c4ccccc4F)C3=O)cc2)c1,5,false,-0.04332663098807515,0.4036494791507721
CF-2-224,O=C(NCCCNc1ncc(F)cn1)c1ccc(N[C@H]2CCN(c3ccccc3F)C2=O)cc1,5,true,5.369685160007767,0.750603199005127
CF-2-229,CC(C)(C)OC(=O)NCCCNC(=O)c1ccc(N[C@H]2CCN(c3ccc(Cl)cc3)C2=O)cc1,5,false,0.23481189755376256,0.38838163018226624
CF-2-230,Cc1ccc(N2CC[C@H](Nc3ccc(C(=O)NCCCNC(=O)OC(C)(C)C)cc3)C2=O)cc1,5,false,1.0020947481588218,0.5466234087944031
CF-2-232,CC(C)(C)OC(=O)NCCCNC(=O)c1ccc(N[C@H]2CCN(c3ccc(Cl)c(Cl)c3)C2=O)cc1,5,false,2.6016640010017387,0.3691409230232239
CF-2-235,CC(C)(C)OC(=O)NCCCNC(=O)c1ccc(N[C@H]2CCN(c3cc(F)ccc3F)C2=O)cc1,5,false,-0.37336133606287975,0.31903865933418274
CF-2-239,CC(C)(CNC(=O)OC(C)(C)C)CNC(=O)c1ccc(N[C@H]2CCN(c3ccccc3F)C2=O)cc1,5,false,2.2857534577302956,0.2776467800140381
CF-2-241,CC(C)(C)OC(=O)N1CCC(CNC(=O)c2ccc(N[C@H]3CCN(c4ccccc4F)C3=O)cc2)CC1,5,false,0.16977811910125842,0.2807171642780304
CF-2-243,CC(C)(C)OC(=O)NC1CCN(C(=O)c2ccc(N[C@H]3CCN(c4ccccc4F)C3=O)cc2)CC1,5,false,-0.4605474119508196,0.31089669466018677
CF-2-244,CC(C)(C)OC(=O)N1CC[C@H](CNC(=O)c2ccc(N[C@H]3CCN(c4ccccc4F)C3=O)cc2)C1,5,false,0.7184314865553708,0.21970312297344208
CF-2-247,COc1cc(N[C@H]2CCN(c3ccccc3F)C2=O)ccc1C(=O)NCCCNC(=O)OC(C)(C)C,5,false,2.976404849396127,0.19758479297161102
CF-2-250,COc1cc(C(=O)NCCCNC(=O)OC(C)(C)C)ccc1N[C@H]1CCN(c2ccccc2F)C1=O,5,false,1.8627209518107168,0.07746034115552902
CF-2-253,Cc1ccc(N2CC[C@H](NS(=O)(=O)N3CCC(C)CC3)C2=O)cc1,5,false,2.7937147762361034,0.07377045601606369
CF-2-255,CC1CCN(S(=O)(=O)N[C@H]2CCN(c3ccccc3Cl)C2=O)CC1,5,false,0.22274923215878079,0.06950872391462326
CF-2-257,CC1CCN(S(=O)(=O)N[C@H]2CCN(c3ccc(C4CC4)cc3)C2=O)CC1,5,false,-0.42520327835248894,0.0797964334487915
CF-2-259,CC1CCN(S(=O)(=O)N[C@H]2CCN(c3ccc(F)cc3F)C2=O)CC1,5,false,2.708970069302816,0.06969700753688812
CF-2-26,O=C(NC1CCN(c2c(F)cccc2F)C1=O)c1ccccc1,5,false,2.538875595834802,0.07586682587862015
CF-2-260,CC1CCN(S(=O)(=O)N[C@H]2CCN(c3ccc(F)c(F)c3)C2=O)CC1,5,false,-0.45400734026457096,0.07336795330047607
CF-2-261,CC1CCN(S(=O)(=O)N[C@H]2CCN(c3cccc(Cl)c3)C2=O)CC1,5,false,0.4007529835909973,0.07468681037425995
CF-2-262,CC(=O)N1CCN(S(=O)(=O)N[C@H]2CCN(c3ccccc3)C2=O)CC1,5,false,2.361890330077742,0.1305030882358551
CF-2-263,CC(=O)N1CCN(S(=O)(=O)N[C@H]2CCN(c3ccc(C)cc3)C2=O)CC1,5,false,2.4284642347931684,0.1377393901348114
CF-2-264,CC(=O)N1CCN(S(=O)(=O)N[C@H]2CCN(c3ccc(Cl)cc3)C2=O)CC1,5,false,2.755723914640768,0.14002038538455963
CF-2-267,CC(=O)Nc1ccc(C(NC(=O)Cc2ccccc2Cl)c2ccccc2F)cc1,1,false,1.1201803810880488,0.08437468111515045
CF-2-268,CC(=O)N1CCN(S(=O)(=O)N[C@H]2CCN(c3ccc(F)cc3F)C2=O)CC1,5,false,-0.3125044859143467,0.14691254496574402
CF-2-269,COc1cccc(N2CC[C@H](NS(=O)(=O)N3CCN(C(C)=O)CC3)C2=O)c1,5,false,-0.5966605384094432,0.11874283850193024
CF-2-270,CC(=O)N1CCN(S(=O)(=O)N[C@H]2CCN(c3cccc(Cl)c3)C2=O)CC1,5,false,2.899120917196493,0.12497324496507645
CF-2-271,CC(=O)N1CCN(S(=O)(=O)N[C@H]2CCN(c3ccccc3Cl)C2=O)CC1,5,false,2.748676067918001,0.14726930856704712
CF-2-272,CN1CCN(C(=O)[C@@H]2CC(=O)N(c3ccccc3)C2)CC1,0,false,-0.559302873479378,0.28994855284690857
CF-2-273,CN1CCN(C(=O)[C@H]2CC(=O)N(c3ccccc3)C2)CC1,0,false,0.12619065297624713,0.28994855284690857
CF-2-276,COc1cccc(N2C[C@H](C(=O)N3CCN(C)CC3)CC2=O)c1,0,false,-0.5548041959795535,0.24125322699546814
CF-2-277,COc1cccc(N2C[C@@H](C(=O)N3CCN(C)CC3)CC2=O)c1,0,false,-0.5088877916420822,0.24125322699546814
CF-2-282,CN1CCN(C(=O)[C@@H]2CC(=O)N(c3cccc(Cl)c3)C2)CC1,0,false,0.6861354505189226,0.26763421297073364
CF-2-283,CN1CCN(C(=O)[C@H]2CC(=O)N(c3cccc(Cl)c3)C2)CC1,0,false,-0.6764156247290205,0.26763421297073364
CF-2-29,O=C(Cc1ccccc1Cl)NC1CCN(c2c(F)cccc2F)C1=O,5,false,2.9386253227194046,0.08050702512264252
CF-2-30,O=C(CCc1ccccc1)NC1CCN(c2c(F)cccc2F)C1=O,5,false,2.350303731370942,0.10100264102220535
CF-2-32,O=C(COc1ccccc1)NC1CCN(c2c(F)cccc2F)C1=O,5,false,2.757357278731852,0.09335128217935562
CF-2-50,CC(C)(C)OC(=O)NCCCNC(=O)C1CC(=O)N(c2ccccc2)C1,0,false,2.398590955300132,0.19129103422164917
CF-2-54,CN(CCCNC(=O)OC(C)(C)C)C(=O)C1CC(=O)N(c2ccccc2)C1,0,false,2.478905811601777,0.05541403219103813
CF-2-57,O=C(NCc1ccccc1)C1CC(=O)N(c2ccccc2)C1,0,false,2.7397745364835795,0.079490065574646
CF-2-58,O=C(Nc1ccccc1)C1CC(=O)N(c2ccccc2)C1,0,false,2.8348142975541957,0.12041644006967545
CF-2-60,CN(C)CCNC(=O)C1CC(=O)N(c2ccccc2F)C1.O=CO,0,false,2.9401891113864207,0.1233891025185585
CF-2-61,CC(C)(C)OC(=O)NCCCNC(=O)C1CC(=O)N(c2ccccc2F)C1,0,false,2.338261156273633,0.14906927943229675
CF-2-62,CN1CCC(NC(=O)C2CC(=O)N(c3ccccc3F)C2)CC1.O=CO,0,false,2.6177492978202186,0.05482940003275871
CF-2-63,CN(C)CCN(C)C(=O)C1CC(=O)N(c2ccccc2)C1.O=CO,0,false,2.5304679649542203,0.05323568731546402
CF-2-64,CN(C)CCN(C)C(=O)C1CC(=O)N(c2ccccc2F)C1,0,false,2.7342042242570033,0.044746797531843185
CF-2-65,CN(CCCNC(=O)OC(C)(C)C)C(=O)C1CC(=O)N(c2ccccc2F)C1,0,false,2.9692512743964596,0.045423973351716995
CF-2-68,O=C(NCc1ccccc1)C1CC(=O)N(c2ccccc2F)C1,0,false,2.759657116183326,0.09300848096609116
CF-2-72,CC(C)(C)OC(=O)NCCCNC(=O)C1CC(=O)N(c2ccccc2Cl)C1,0,false,2.4151456421750845,0.13202880322933197
CF-2-74,CN1CCC(CNC(=O)C2CC(=O)N(c3ccccc3Cl)C2)CC1,0,false,2.9334055225206086,0.05613929405808449
CF-2-75,CN(C)CCN(C)C(=O)C1CC(=O)N(c2ccccc2Cl)C1,0,false,2.9478516774507333,0.04208725690841675
CF-2-76,CN(CCCNC(=O)OC(C)(C)C)C(=O)C1CC(=O)N(c2ccccc2Cl)C1,0,false,2.5529463231652856,0.040038879960775375
CF-2-79,O=C(NCc1ccccc1)C1CC(=O)N(c2ccccc2Cl)C1,0,false,2.8842992509601997,0.08288871496915817
CF-2-80,O=C(Nc1ccccc1)C1CC(=O)N(c2ccccc2Cl)C1,0,false,2.7648528485816786,0.09939809143543243
CF-2-81,O=C(C1CC(=O)N(c2ccccc2Cl)C1)N1CCOCC1,0,false,2.965846417549967,0.2393835037946701
CF-2-83,CN(C)CCN(C)C(=O)c1cccc(N[C@H]2CCN(c3ccccc3Cl)C2=O)c1,5,false,2.9068577550015418,0.23782934248447418
CF-2-84,CC(=O)N1CCN(C(=O)c2cccc(N[C@H]3CCN(c4ccccc4Cl)C3=O)c2)CC1,5,false,2.911108513915525,0.2422776073217392
CF-2-95,CN(C)CCN(C)C(=O)c1ccc(N[C@H]2CCN(c3ccccc3F)C2=O)cc1,5,false,2.766279019969409,0.3118436634540558
CF-2-96,CC(=O)N1CCN(C(=O)c2ccc(N[C@H]3CCN(c4ccccc4F)C3=O)cc2)CC1,5,false,2.767190791244673,0.22108836472034454
CF-3-08,COc1ccc(C)cc1NC(=O)[C@H](N)Cc1ccccc1,2,false,2.9097426269532916,0.09406408667564392
CF-3-101,Cc1ccc(OCc2ccccc2)c(NC(=O)[C@H]2CCCN2)c1,2,false,2.8335901521410607,0.09053225070238113
CF-3-112,Cc1ccc(OC(F)F)c(NC(=O)CCNC(=O)OC(C)(C)C)c1,2,true,5.104329694137918,0.06218982860445976
CF-3-113,Cc1ccc(OC(F)F)c(NC(=O)CCN)c1,2,false,2.788361075574338,0.06152885779738426
CF-3-117,Cc1ccc(Oc2ccccc2)c(NC(=O)CCN)c1,2,false,0.32693787747855707,0.06304343789815903
CF-3-118,Cc1ccc(OCc2ccccc2)c(NC(=O)CCNC(=O)OC(C)(C)C)c1,2,false,2.8460199904852996,0.10631144046783447
CF-3-12,COc1ccc(C)cc1NC(=O)[C@H](N)Cc1ccc(O)cc1,2,false,2.878280168626377,0.1056811735033989
CF-3-123,COc1ccc(Cl)cc1NC(=O)[C@@H](N)Cc1ccc(O)cc1,2,false,-0.06907327055358141,0.10396449267864227
CF-3-124,COc1ccc(C(F)(F)F)cc1NC(=O)[C@H](Cc1ccc(O)cc1)NC(=O)OC(C)(C)C,2,false,-0.027839650996182224,0.13343185186386108
CF-3-127,COc1ccc(C#N)cc1NC(=O)[C@H](Cc1ccc(O)cc1)NC(=O)OC(C)(C)C,2,false,-0.21907803100448486,0.23433151841163635
CF-3-132,Cc1ccc(OCCN(C)C)c(NC(=O)[C@H](Cc2ccc(O)cc2)NC(=O)OC(C)(C)C)c1,2,false,2.9511098512766383,0.1290842592716217
CF-3-133,Cc1ccc(OCCN(C)C)c(NC(=O)[C@@H](N)Cc2ccc(O)cc2)c1,2,false,0.6684108433210035,0.12371769547462463
CF-3-143,COc1ccc(C)cc1NC(=O)CN1CCC(c2c[nH]c3ccccc23)CC1,2,false,2.7210497383384276,0.04109381139278412
CF-3-146,COc1ccc(C)cc1NC(=O)CN1CCC(C(N)=O)CC1,2,false,-1.0083334766002159,0.04750875011086464
CF-3-148,COc1ccc(C)cc1NC(=O)CN1CCC(N2CCCC2=O)CC1,2,false,2.172860954972499,0.045485276728868484
CF-3-150,COc1ccc(C)cc1NC(=O)CN1CC[C@@H](N(C)C)C1,2,false,-0.1948516504887474,0.05114590749144554
CF-3-151,COc1ccc(C)cc1NC(=O)CN1CC[C@H](N(C)C)C1,2,false,0.13004708878636737,0.05114590749144554
CF-3-154,COc1ccc(C)cc1NC(=O)[C@H]1CCCN1C(=O)c1ccc(O)cc1,2,false,2.8290997733968704,0.03246248513460159
CF-3-159,COc1ccc(C)cc1NC(=O)[C@H]1CCCN1C(=O)CC1CCN(C(=O)OC(C)(C)C)CC1,2,false,2.4700676210501653,0.056526996195316315
CF-3-16,COc1ccc(C)cc1NC(=O)[C@H](N)Cc1cnc[nH]1,2,false,2.725119088740067,0.2143201231956482
CF-3-161,COc1ccc(C)cc1NC(=O)[C@H]1CCCN1C(=O)OCc1ccccc1,2,false,-0.011165699840404645,0.049230411648750305
CF-3-163,COc1ccc(C)cc1NC(=O)[C@H]1CCCN1C(=O)O[C@@H]1CCOC1,2,false,0.22691096691573723,0.04763171821832657
CF-3-164,COc1ccc(C)cc1NC(=O)[C@H]1CCCN1S(=O)(=O)c1ccccc1,2,false,-0.6403734745279974,0.03730478137731552
CF-3-169,COc1ccc(C)cc1NC(=O)[C@H]1CCCN1C(=O)NCc1ccccc1,2,false,-0.3797709519216108,0.04511573538184166
CF-3-171,CCOC(=O)CNC(=O)N1CCC[C@@H]1C(=O)Nc1cc(C)ccc1OC,2,false,-0.06083911861895087,0.05388825014233589
CF-3-174,COc1ccc(C)cc1NC(=O)CCNC(=O)c1ccc(O)cc1,2,false,2.4576188387314937,0.07653888314962387
CF-3-176,COc1ccc(C)cc1NC(=O)CCNC(=O)Cc1ccccc1,2,false,-0.62419144534062,0.09343341737985611
CF-3-177,COc1ccc(C)cc1NC(=O)CCNC(=O)CCNC(=O)OC(C)(C)C,2,false,-0.6184555297866262,0.06914639472961426
CF-3-179,COc1ccc(C)cc1NC(=O)CCNC(=O)CC1CCN(C(=O)OC(C)(C)C)CC1,2,false,-0.7251290614900187,0.056526996195316315
CF-3-18,COc1ccc(C)cc1NC(=O)CCN,2,false,2.9724028111002783,0.07408180087804794
CF-3-182,COc1ccc(C)cc1NC(=O)CCNC(=O)O[C@@H]1CCOC1,2,false,2.9504539771385008,0.07590220123529434
CF-3-185,COc1ccc(C)cc1NC(=O)CCNS(=O)(=O)Cc1ccccc1,2,false,-1.4235119837797172,0.09932838380336761
CF-3-189,COc1ccc(C)cc1NC(=O)CCNC(=O)NCc1ccccc1,2,false,2.972268091246098,0.10667112469673157
CF-3-190,CCNC(=O)NCCC(=O)Nc1cc(C)ccc1OC,2,false,-1.0959528221079573,0.08871976286172867
CF-3-192,COc1ccc(C)cc1NC(=O)[C@H](Cc1ccc(O)cc1)NC(C)=O,2,false,-0.23517213719498226,0.12232117354869843
CF-3-193,COc1ccc(C)cc1NC(=O)[C@H](Cc1ccc(O)cc1)NC(=O)c1ccccc1,2,false,0.1356369107675473,0.14963477849960327
CF-3-196,COc1ccc(C)cc1NC(=O)[C@H](Cc1ccc(O)cc1)NC(=O)Nc1ccccc1,2,false,2.8157404431947364,0.29286354780197144
CF-3-197,COc1ccc(C)cc1NC(=O)[C@H](Cc1ccc(O)cc1)NC(=O)Cc1ccccc1,2,false,-0.5835590698882218,0.13242273032665253
CF-3-198,COc1ccc(C)cc1NC(=O)[C@H](Cc1ccc(O)cc1)NC(=O)[C@@H]1Cc2ccc(O)cc2CN1,2,false,0.20752029464715185,0.1255757063627243
CF-3-201,C=CCOc1ccc(C[C@H](N)C(=O)Nc2cc(C)ccc2OC)cc1,2,false,2.838979539550091,0.08773916959762573
CF-3-204,COc1cccc(NC(=O)NCCC(=O)Nc2cc(C)ccc2OC)c1,2,false,2.468836243224043,0.15590216219425201
CF-3-207,COc1ccc(C)cc1NC(=O)CCNC(=O)Nc1cccc(Cl)c1,2,true,6.58011852148931,0.1321859508752823
CF-3-210,COc1ccc(C)cc1NC(=O)CCNC(=O)NC1CCN(C(=O)OC(C)(C)C)CC1,2,false,2.6277292442997986,0.056526996195316315
CF-3-211,COc1ccc(C)cc1NC(=O)CCNC(=O)NC1CCNCC1,2,false,1.1736160178032282,0.06998403370380402
CF-3-213,COc1ccc(C)cc1NC(=O)CCNC(=O)NC1CCN(C(C)=O)CC1,2,true,7.162516786842849,0.03663606941699982
CF-3-214,COc1ccc(C)cc1NC(=O)CCCC(=O)Nc1ccccc1,2,true,7.228757050962009,0.09356468915939331
CF-3-215,COc1ccc(NC(=O)CCCC(=O)Nc2cc(C)ccc2OC)cc1,2,false,2.972589249366176,0.14688272774219513
CF-3-219,COc1ccc(CC(=O)NCCC(=O)Nc2cc(C)ccc2OC)cc1,2,false,-0.15335134389556604,0.17212046682834625
CF-3-221,COc1ccc(C)cc1NC(=O)CCNC(=O)Cc1ccccc1F,2,false,-0.7804649185502804,0.07125739753246307
CF-3-222,COc1ccc(C)cc1NC(=O)CCNc1nc2ccccc2[nH]1,2,true,11.241925143476047,0.0928584486246109
CF-3-225,COc1ccc(C(F)(F)F)cc1NC(=O)CCNC(=O)Nc1ccccc1,2,false,0.0645073055363057,0.14174067974090576
CF-3-29,COc1ccc(C)cc1NC(=O)C1CCN(C(=O)OC(C)(C)C)CC1,2,false,2.4596361957657886,0.04065435379743576
CF-3-30,COc1ccc(C)cc1NC(=O)C1CCNCC1,2,false,2.4836842059316604,0.05238701030611992
CF-3-36,COc1ccc(C)cc1NC(=O)CNC(=O)Cc1ccccc1,2,false,2.854285936588499,0.0893728956580162
CF-3-40,COc1ccc(C)cc1NC(=O)CNS(=O)(=O)c1ccccc1,2,false,2.7005406801153033,0.08276242762804031
CF-3-42,COc1ccc(C)cc1NC(=O)Cn1ccnc1,2,false,2.888903904724187,0.3150840699672699
CF-3-52,COc1ccc(F)cc1NC(=O)CN,2,false,2.9621343122030477,0.08091988414525986
CF-3-55,COc1cc(C)ccc1NC(=O)CN,2,false,2.6120556408131947,0.05969321355223656
CF-3-56,COc1cc(Cl)ccc1NC(=O)CN,2,false,2.752763756394871,0.05769971385598183
CF-3-58,Cc1ccc(Oc2ccccc2Cl)c(NC(=O)CN)c1,2,false,2.9923180792715716,0.06755059212446213
CF-3-59,Cc1ccc(OCc2ccccc2)c(NC(=O)CN)c1,2,false,2.996276585040076,0.09178206324577332
CF-3-62,Cc1ccc(OCCNC(=O)OC(C)(C)C)c(NC(=O)CN)c1,2,false,2.5576413197929533,0.07259999960660934
CF-3-65,Cc1ccc(C#Cc2ccc(F)cc2)c(NC(=O)CN)c1,2,false,2.9952936847239844,0.08403383940458298
CF-3-69,Cc1ccc(-c2cn(CC(=O)O)nn2)c(NC(=O)CNC(=O)OC(C)(C)C)c1,2,true,6.5867272079001875,0.0783126950263977
CF-3-83,Cc1ccc(OCc2ccccc2)c(NC(=O)CN2CCC(N(C)C)CC2)c1,2,false,-0.5592717389370591,0.058572813868522644
CF-3-92,COc1cc(F)c(F)cc1NC(=O)[C@H]1CCCN1C(=O)OC(C)(C)C,2,false,-0.5215375243546011,0.05364711955189705
CF-3-97,Cc1ccc(OCCN(C)C)c(NC(=O)[C@H]2CCCN2)c1,2,false,0.20837547516250224,0.05748883634805679
CF-5-01,O=C(Nc1ccc(Oc2ncccn2)cc1)C1CC1,1,false,2.6956502453505498,0.2923656105995178
CF-5-04,COC(=O)C(=O)Nc1ccc(Oc2ncccn2)cc1,1,false,2.4963716287666164,0.053283222019672394
CF-5-05,O=C(O)C(=O)Nc1ccc(Oc2ncccn2)cc1,1,false,2.5371694410062173,0.08320289105176926
CF-5-06,CNC(=O)C(=O)Nc1ccc(Oc2ncccn2)cc1,1,false,2.7182962810617397,0.053283222019672394
CF-5-11,CC(C)(C)OC(=O)NCCC(=O)Nc1ccc(Oc2ncccn2)cc1,1,false,2.433670315055694,0.22051839530467987
CF-5-111,CC(=O)Nc1ccc(-n2c(Nc3ccccc3)nc3ccccc32)cc1,1,false,2.998264808751934,0.12214720994234085
CF-5-12,CC(C)(C)OC(=O)NCC(=O)Nc1ccc(Oc2ncccn2)cc1,1,false,2.3581813499730906,0.08538927137851715
CF-5-126,COc1cccc(SCC(=O)Nc2ccc(Oc3ncccn3)cc2)c1,1,false,-0.33161206716945363,0.058974504470825195
CF-5-128,O=C(CSc1ccccc1Cl)Nc1ccc(Oc2ncccn2)cc1,1,false,2.309103033284339,0.08350315690040588
CF-5-130,O=C(CSc1ccc(Cl)cc1)Nc1ccc(Oc2ncccn2)cc1,1,false,0.16958055466212926,0.1019572839140892
CF-5-131,CC(=O)Nc1ccc(SCC(=O)Nc2ccc(Oc3ncccn3)cc2)cc1,1,false,-0.2103700246748931,0.06844983994960785
CF-5-132,COC(=O)c1ccc(SCC(=O)Nc2ccc(Oc3ncccn3)cc2)cc1,1,true,6.821919991612469,0.06114913895726204
CF-5-134,CNC(=O)c1ccc(SCC(=O)Nc2ccc(Oc3ncccn3)cc2)cc1,1,false,-0.17229962114619676,0.06114913895726204
CF-5-136,O=C(CSC1CCNCC1)Nc1ccc(Oc2ncccn2)cc1,1,false,-0.3761484369085029,0.17023958265781403
CF-5-137,CC(=O)N1CCC(SCC(=O)Nc2ccc(Oc3ncccn3)cc2)CC1,1,false,2.5604596098787056,0.08491533994674683
CF-5-138,O=C(CSC1CCN(Cc2ccccc2)CC1)Nc1ccc(Oc2ncccn2)cc1,1,false,2.449960381665218,0.0892699584364891
CF-5-139,COc1ccccc1OCC(=O)Nc1ccc(Oc2ncccn2)cc1,1,false,-0.8456362286219204,0.07424703240394592
CF-5-14,CC(C)(C)OC(=O)N1CCC(CC(=O)Nc2ccc(Oc3ncccn3)cc2)CC1,1,false,2.612346968994667,0.09422815591096878
CF-5-140,COc1cccc(OCC(=O)Nc2ccc(Oc3ncccn3)cc2)c1,1,false,2.9000714903760305,0.06160549074411392
CF-5-142,O=C(COc1ccccc1Cl)Nc1ccc(Oc2ncccn2)cc1,1,true,5.077815326391519,0.05884971097111702
CF-5-146,O=C(COC1CCNCC1)Nc1ccc(Oc2ncccn2)cc1,1,false,-0.23859623484479087,0.10269337892532349
CF-5-147,CC(=O)N1CCC(OCC(=O)Nc2ccc(Oc3ncccn3)cc2)CC1,1,false,0.02074781064393092,0.07483302801847458
CF-5-15,O=C(O)CCC(=O)Nc1ccc(Oc2ncccn2)cc1,1,false,2.815896261404543,0.13752315938472748
CF-5-164,CC(=O)Nc1ccc(N(Cc2ccc(C(=O)O)cc2)c2ncccn2)cc1,1,false,2.807844703027676,0.05084503814578056
CF-5-173,CCNC(=O)Nc1ccc(N(Cc2ccccc2)c2ncnc3ccccc23)cc1,1,true,6.973375946463146,0.0888674408197403
CF-5-174,CC(=O)Nc1ccc(N(Cc2ccccc2)c2ncc3ccccc3n2)cc1,1,true,7.6372474466103695,0.06834930181503296
CF-5-175,O=C(Nc1ccc(N(Cc2ccccc2)c2ncc3ccccc3n2)cc1)C1CC1,1,true,7.3885035398105865,0.34454625844955444
CF-5-176,O=C(Nc1ccc(N(Cc2ccccc2)c2ncc3ccccc3n2)cc1)NC1CC1,1,true,7.499301276290025,0.15599165856838226
CF-5-177,CCNC(=O)Nc1ccc(N(Cc2ccccc2)c2ncc3ccccc3n2)cc1,1,true,6.630158094933292,0.10902561992406845
CF-5-178,CC(=O)Nc1ccc(N(Cc2ccccc2)c2cc(Cl)ncn2)cc1,1,false,1.3946575855661032,0.05521194636821747
CF-5-18,CNC(=O)COCC(=O)Nc1ccc(Oc2ncccn2)cc1,1,false,2.564504590854398,0.050052497535943985
CF-5-186,CC(=O)Nc1ccc(N(Cc2ccccc2)c2ncc(F)cn2)cc1,1,true,7.918549580718494,0.061243582516908646
CF-5-19,O=C(CN1CCOCC1)Nc1ccc(Oc2ncccn2)cc1,1,false,2.6996926427327432,0.04777510091662407
CF-5-190,O=C(Nc1ccc(N(Cc2ccccc2)c2ncccn2)cc1)C1CC1,1,true,7.163285688353628,0.21251744031906128
CF-5-191,O=C(CSc1ccccc1)Nc1ccc(N(Cc2ccccc2)c2ncccn2)cc1,1,false,0.09950267397977858,0.06972313672304153
CF-5-192,CC(=O)Nc1ccc(N(CC2CCN(C(=O)OC(C)(C)C)CC2)c2ncccn2)cc1,1,true,8.00457444309985,0.11275573074817657
CF-5-196,CC(C)(C)OC(=O)N1CCC(CN(c2ccc(NC(=O)C3CC3)cc2)c2ncccn2)CC1,1,false,2.873119927735649,0.3797450661659241
CF-5-200,CCNC(=O)Nc1ccc(N(CC2CCN(C(=O)OC(C)(C)C)CC2)c2ncccn2)cc1,1,false,-0.1778725687619721,0.18845893442630768
CF-5-201,CCNC(=O)Nc1ccc(N(CC2CCNCC2)c2ncccn2)cc1,1,false,-0.2580255817717337,0.33221423625946045
CF-5-203,Cc1ccc(N2CC[C@H](Nc3ccc(Cl)c(C(=O)NCc4ccc(O)cc4)c3)C2=O)cc1,5,false,-0.4242659380284146,0.5332673788070679
CF-5-204,CCNC(=O)Nc1ccc(Nc2ncnc3ccccc23)cc1,1,false,2.9098424485398473,0.1643679291009903
CF-5-205,O=C(Nc1ccc(Nc2ncnc3ccccc23)cc1)NC1CC1,1,false,2.8332474390793023,0.3307570517063141
CF-5-206,CC(C)(C)OC(=O)NCCCNC(=O)Nc1ccc(Nc2ncnc3ccccc23)cc1,1,true,11.98431413280717,0.22611603140830994
CF-5-207,NCCCNC(=O)Nc1ccc(Nc2ncnc3ccccc23)cc1,1,false,2.417186739840173,0.2803926169872284
CF-5-210,CC(C)(C)OC(=O)NCCC(=O)Nc1ccc(Nc2ncnc3ccccc23)cc1.O=C(O)C(F)(F)F,1,false,1.4546364538054941,0.42587196826934814
CF-5-211,NCCC(=O)Nc1ccc(Nc2ncnc3ccccc23)cc1,1,false,2.9068015624269927,0.33605167269706726
CF-5-214,CC(=O)N1CCC(C(=O)Nc2ccc(Nc3ncnc4ccccc34)cc2)CC1,1,false,2.7351495806351505,0.17556166648864746
CF-5-215,CN1CCC(C(=O)Nc2ccc(Nc3ncnc4ccccc34)cc2)CC1,1,true,7.182682976397272,0.13085122406482697
CF-5-216,CC(C)(C)OC(=O)N1CCC(CC(=O)Nc2ccc(Nc3ncnc4ccccc34)cc2)CC1,1,true,5.362503749097533,0.25687968730926514
CF-5-217,O=C(CC1CCNCC1)Nc1ccc(Nc2ncnc3ccccc23)cc1,1,false,2.4411548045138125,0.4552459716796875
CF-5-222,CCNC(=O)Nc1ccc(C(O)c2ccccc2F)cc1,1,false,1.8330024841431718,0.06326112151145935
CF-5-223,OC(c1ccc(Nc2ncnc3ccccc23)cc1)c1ccccc1F,1,false,-0.6030628243932971,0.415871262550354
CF-5-224,OC(c1ccc(Nc2nc3c(Cl)cccc3[nH]2)cc1)c1ccccc1F,1,true,7.845176953228508,0.5399640798568726
CF-5-235,CC(=O)Nc1ccc(C(O)c2cc(F)ccc2F)cc1,1,false,2.718405397447942,0.05028057098388672
CF-5-236,O=C(Nc1ccc(C(O)c2cc(F)ccc2F)cc1)C1CC1,1,false,0.17166919358151103,0.4169519543647766
CF-5-237,CCNC(=O)Nc1ccc(C(O)c2cc(F)ccc2F)cc1,1,false,0.7716725386747714,0.0672454684972763
CF-5-239,O=C(Nc1ccc(C(O)c2cccc(F)c2F)cc1)C1CC1,1,false,2.4758067597032145,0.38047391176223755
CF-5-240,CCNC(=O)Nc1ccc(C(O)c2cccc(F)c2F)cc1,1,true,5.413254266415069,0.08642906695604324
CF-5-250,CC(=O)Nc1ccc(C(O)c2ccc(Cl)cc2F)cc1,1,false,0.23992859991881985,0.08579226583242416
CF-5-251,O=C(Nc1ccc(C(O)c2ccc(Cl)cc2F)cc1)C1CC1,1,false,-0.6027105764814391,0.4993939697742462
CF-5-252,CCNC(=O)Nc1ccc(C(O)c2ccc(Cl)cc2F)cc1,1,false,2.5758946653080566,0.08411210775375366
CF-5-254,O=C(Nc1ccc(C(O)c2cc(Cl)ccc2F)cc1)C1CC1,1,false,2.4594657515176195,0.5110781192779541
CF-5-256,CC(=O)Nc1ccc(C(C)(O)c2ccccc2F)cc1,1,false,2.980659415587885,0.05011223629117012
CF-5-258,CC(=O)Nc1ccc(C(O)(Cc2ccccc2)c2ccccc2F)cc1,1,true,5.7852668730545735,0.048850689083337784
CF-5-260,CC(=O)Nc1ccc(C(NC(C)=O)c2ccccc2F)cc1,1,false,1.3390847079104184,0.06111824885010719
CF-5-265,CC(=O)N1CCN(S(=O)(=O)N[C@H]2CCN(c3ccc(Cl)c(Cl)c3)C2=O)CC1,5,true,8.121460828139206,0.15979470312595367
CF-5-266,COc1ccc(CC(=O)NC(c2ccc(NC(C)=O)cc2)c2ccccc2F)cc1,1,true,5.476800237771764,0.04199696704745293
CF-5-27,O=C(NCCCCl)Nc1ccc(Oc2ncccn2)cc1,1,false,2.8586649972913634,0.1188395768404007
CF-5-283,CC(C)(C)OC(=O)NCCC(=O)NC(c1ccc(NC(=O)C2CC2)cc1)c1ccccc1F,1,false,-0.2560432271284593,0.2735496163368225
CF-5-284,NCCC(=O)NC(c1ccc(NC(=O)C2CC2)cc1)c1ccccc1F,1,false,2.8734304805542776,0.21906855702400208
CF-5-285,O=C(O)c1cc(Nc2ccc(Oc3ncccn3)cc2)ncn1,1,false,2.63749889816459,0.11617803573608398
CF-5-288,CN1CCN(C(=O)c2cc(Nc3ccc(Oc4ncccn4)cc3)ncn2)CC1,1,false,-0.14052390565130057,0.0702381283044815
CF-5-289,CN1CCC(CNC(=O)c2cc(Nc3ccc(Oc4ncccn4)cc3)ncn2)CC1,1,false,2.6616286968716816,0.09896767884492874
CF-5-29,O=C(NCCCN1CCOCC1)Nc1ccc(Oc2ncccn2)cc1,1,true,5.791370155158363,0.05230338126420975
CF-5-290,CC(=O)N1CCN(C(=O)c2cc(Nc3ccc(Oc4ncccn4)cc3)ncn2)CC1,1,false,-0.847255224425077,0.14749328792095184
CF-5-293,O=C(NCc1ccccc1)c1cnc(Nc2ccc(Oc3ncccn3)cc2)nc1,1,true,12.408775985617627,0.1391455978155136
CF-5-30,COC(=O)CCNC(=O)Nc1ccc(Oc2ncccn2)cc1,1,false,2.828356643780853,0.05795620381832123
CF-5-300,O=C(O)c1ccc2nc(Nc3ccc(Oc4ncccn4)cc3)[nH]c2c1,1,false,-0.2800806739597437,0.22646576166152954
CF-5-303,CC(C)(C)OC(=O)NCCCNC(=O)c1ccc2nc(Nc3ccc(Oc4ncccn4)cc3)[nH]c2c1,1,false,-0.5708478144880517,0.2944148778915405
CF-5-305,CCNC(=O)Nc1ccc(Nc2ncnc3ccccc23)cc1,1,false,0.8810527837537799,0.1643679291009903
CF-5-306,CCOC(=O)Nc1ccc(N(Cc2ccccc2)c2ncc3ccccc3n2)cc1,1,true,5.01428987531358,0.09438811987638474
CF-5-307,c1cnc(Oc2ccc(Nc3nc4ccccc4[nH]3)cc2)nc1,1,false,2.069953256938839,0.18305891752243042
CF-5-308,Cn1c(Nc2ccc(Oc3ncccn3)cc2)nc2ccccc21,1,false,2.9422874830903387,0.11673689633607864
CF-5-31,O=C(O)CCNC(=O)Nc1ccc(Oc2ncccn2)cc1,1,false,2.6299746387111838,0.11268259584903717
CF-5-311,COCCn1c(Nc2ccc(Oc3ncccn3)cc2)nc2ccccc21,1,false,0.5026162729036037,0.1433490365743637
CF-5-312,CC(C)(C)OC(=O)NCCCn1c(Nc2ccc(Oc3ncccn3)cc2)nc2ccccc21,1,false,1.857787425909757,0.1440679281949997
CF-5-320,Oc1ccc(-c2nnc(Nc3ccc(Oc4ncccn4)cc3)o2)cc1,1,false,0.5131518175030784,0.16917438805103302
CF-5-321,c1cnc(Oc2ccc(Nc3nnc(C4CC4)o3)cc2)nc1,1,false,-0.3386337601190225,0.22245632112026215
CF-5-36,CS(=O)(=O)Nc1ccc(Oc2ncccn2)cc1,1,false,2.5815857099665656,0.056505702435970306
CF-5-38,COCCS(=O)(=O)Nc1ccc(Oc2ncccn2)cc1,1,false,2.6077425412615995,0.05956099182367325
CF-5-39,Cc1nc2cc(Oc3ncccn3)ccc2[nH]1,1,false,2.9724276301755053,0.08437635749578476
CF-5-40,CC(C)c1nc2cc(Oc3ncccn3)ccc2[nH]1,1,false,2.9126689870689795,0.05624906346201897
CF-5-56,CC(C)c1nnc(Nc2ccc(Oc3ncccn3)cc2)o1,1,false,2.7152978275945525,0.14588980376720428
CF-5-58,CC(=O)Nc1ccc(Oc2ccccc2)cc1,1,false,2.943697830470536,0.032427381724119186
CF-5-59,CC(=O)Nc1ccc(Oc2ccccc2F)cc1,1,false,2.905725661587438,0.03400510177016258
CF-5-60,CC(=O)Nc1ccc(Oc2cccc(F)c2)cc1,1,false,2.748867585501016,0.03266892209649086
CF-5-61,CC(=O)Nc1ccc(Oc2ccc(F)cc2)cc1,1,false,2.662665160010436,0.03481872379779816
CF-5-62,CC(=O)Nc1ccc(Oc2ccccc2Cl)cc1,1,false,2.953351581423844,0.034251868724823
CF-5-63,CC(=O)Nc1ccc(Oc2cccc(Cl)c2)cc1,1,false,2.516489956593488,0.03456185758113861
CF-5-65,CC(=O)Nc1ccc(Oc2cc(F)ccc2F)cc1,1,false,2.9697354922670387,0.04408947378396988
CF-5-74,CC(=O)Nc1ccc(Nc2ncncc2C#N)cc1,1,false,2.688472276093166,0.5106151103973389
CF-5-75,CC(=O)Nc1ccc(Oc2nccc(C)n2)cc1,1,false,2.8222185070563275,0.07280546426773071
CF-5-76,COc1ccnc(Oc2ccc(NC(C)=O)cc2)n1,1,false,2.9468179048772467,0.0660216435790062
CF-5-77,CC(=O)Nc1ccc(Oc2nccc(C#N)n2)cc1,1,false,2.72427662830249,0.2540424168109894
CF-5-78,CC(=O)Nc1ccc(Oc2ncncc2F)cc1,1,false,2.7631317444538808,0.3650820851325989
CF-5-81,CC(=O)Nc1ccc(Nc2ncccn2)cc1,1,false,2.9776223403184137,0.09574414789676666
CF-5-84,CC(=O)Nc1ccc(N(CCc2ccccc2)c2ncccn2)cc1,1,false,2.90558551230909,0.06288201361894608
CF-6-106,NC(=O)c1cccc(C(=O)N2CCC(C(=O)O)c3ccccc32)c1,0,true,6.856497478081488,0.03269459307193756
CF-6-108,COc1cc(OC)cc(C(=O)N2CCC(C(=O)O)c3ccccc32)c1,0,false,2.8534209981878447,0.03491891920566559
CF-6-110,NC(=O)c1cc(F)cc(C(=O)N2CCC(C(=O)O)c3ccccc32)c1,0,true,7.098209089995969,0.040369898080825806
CF-6-111,O=C(O)C1CN(C(=O)c2ccccc2)Cc2ccccc21,0,false,2.6002811595889557,0.03361055627465248
CF-6-112,NC(=O)c1cccc(C(=O)N2Cc3ccccc3C(C(=O)O)C2)c1,0,false,2.5447039027125555,0.036079343408346176
CF-6-113,NC(=O)c1cccc(C(=O)N2Cc3ccccc3C(C(=O)O)C2)c1,0,false,2.966119707485253,0.036079343408346176
CF-6-114,NC(=O)c1ccc(C(=O)N2Cc3ccccc3C(C(=O)O)C2)cc1,0,false,2.4909300270786257,0.035614803433418274
CF-6-116,NC(=O)c1cc(F)cc(C(=O)N2Cc3ccccc3C(C(=O)O)C2)c1,0,false,-0.4491075501275909,0.04149166867136955
CF-6-121,CC(=O)N1CCC[C@H](C(=O)N2CC(C(=O)O)c3ccccc32)C1,0,false,1.2733169917769411,0.3806634545326233
CF-6-122,O=C(O)C1CN(C(=O)[C@H]2COc3ccccc3O2)c2ccccc21,0,false,2.992630007916929,0.3749881982803345
CF-6-124,N#Cc1ccc(C(=O)N2CCC(C(=O)O)c3ccccc32)cc1,0,true,7.631018789340685,0.04492146149277687
CF-6-128,N#Cc1cc(F)cc(C(=O)N2CCC(C(=O)O)c3ccccc32)c1,0,false,2.3718850036345382,0.038488563150167465
CF-6-129,N#Cc1cccc(C(=O)N2Cc3ccccc3C(C(=O)O)C2)c1,0,false,2.648358859325894,0.036016520112752914
CF-6-130,N#Cc1ccc(C(=O)N2Cc3ccccc3C(C(=O)O)C2)cc1,0,false,1.9450123665191132,0.04532492533326149
CF-6-19,COc1ccc(C(=O)N2CC(C(=O)O)c3ccccc32)cc1,0,false,2.8740355334691223,0.03652994707226753
CF-6-24,O=C(O)C1CN(C(=O)c2cccc(O)c2)c2ccccc21,0,false,2.953191564433353,0.04073017090559006
CF-6-26,Cc1ccccc1C(=O)N1CC(C(=O)O)c2ccccc21,0,false,2.911248264845367,0.05123355612158775
CF-6-33,CC(=O)N1CCN(C(=O)c2cccc(C(=O)N3CC(C(=O)O)c4ccccc43)c2)CC1,0,false,2.497751861612382,0.04755447059869766
CF-6-34,CC(=O)NCCNC(=O)c1cccc(C(=O)N2CC(C(=O)O)c3ccccc32)c1,0,false,2.966159494693724,0.05217277258634567
CF-6-38,CC(=O)NCCOc1ccc(C(=O)N2CC(C(=O)O)c3ccccc32)cc1,0,false,2.9431200523897676,0.043105389922857285
CF-6-39,N#Cc1ccccc1C(=O)N1CC(C(=O)O)c2ccccc21,0,true,6.9450870377045915,0.08557573705911636
CF-6-40,N#Cc1cc(C(=O)N2CC(C(=O)O)c3ccccc32)ccc1F,0,false,2.549017204889042,0.045349638909101486
CF-6-42,NC(=O)c1ccc(F)c(C(=O)N2CC(C(=O)O)c3ccccc32)c1,0,false,2.94800752635654,0.04260566458106041
CF-6-44,COc1cc(OC)cc(C(=O)N2CC(C(=O)O)c3ccccc32)c1,0,false,2.9439382166426387,0.03566952794790268
CF-6-45,COC(=O)c1cc(OC)cc(C(=O)N2CC(C(=O)O)c3ccccc32)c1,0,false,-0.45123167128773367,0.13687632977962494
CF-6-46,COc1cc(Br)cc(C(=O)N2CC(C(=O)O)c3ccccc32)c1,0,false,2.971189846631191,0.043240901082754135
CF-6-47,O=C(O)C1CN(C(=O)c2cc(O)ccc2F)c2ccccc21,0,false,2.941940945925588,0.05238131806254387
CF-6-48,O=C(O)C1CN(C(=O)c2cc(F)ccc2F)c2ccccc21,0,false,2.8644993108028634,0.05676199868321419
CF-6-49,N#Cc1ccc(F)c(C(=O)N2CC(C(=O)O)c3ccccc32)c1,0,false,2.8497092244202147,0.04844306781888008
CF-6-56,COc1cc(C(=O)N2CC(C(=O)O)c3ccccc32)cc(OC)c1OC,0,false,2.50465496662969,0.037473928183317184
CF-6-57,O=C(O)C1CN(C(=O)c2cc(F)c(F)c(F)c2)c2ccccc21,0,false,2.7714875939172847,0.038909852504730225
CF-6-58,Cc1cncc(C(=O)N2CC(C(=O)O)c3ccccc32)c1,0,false,2.4999093384117446,0.3557634651660919
CF-6-62,O=C(O)C1CN(C(=O)Cc2ccccc2)c2ccccc21,0,false,2.8630829487226954,0.06876304000616074
CF-6-64,O=C(O)C1CN(C(=O)COc2ccccc2)c2ccccc21,0,false,2.682388563623317,0.05254983901977539
CF-6-70,O=C(O)C1CN(C(=O)NCc2ccccc2)c2ccccc21,0,false,2.7780887308237747,0.06190502271056175
CF-6-71,O=C(O)C1CN(C(=O)Nc2ccccc2)c2ccccc21,0,false,2.801475735722711,0.0762651339173317
CF-6-73,O=C(O)C1CN(C(=O)CN2CCOCC2)c2ccccc21,0,false,2.29201285669743,0.05034417286515236
CF-6-75,O=C(O)C1CN(C(=O)Cn2ccnc2)c2ccccc21,0,true,6.4100890663761145,0.1271136850118637
CF-6-82,O=C(O)C1CN(S(=O)(=O)N2CCOCC2)c2ccccc21,0,false,2.575137546010099,0.05502505972981453
CF-6-83,CNC(=O)C1CN(C(=O)c2cccc(C#N)c2)c2ccccc21,0,false,2.92420208753801,0.039239708334207535
CF-6-86,CS(=O)(=O)NC(=O)C1CN(C(=O)c2cccc(C#N)c2)c2ccccc21,0,false,2.787769336198242,0.04026045277714729
CF-6-96,CS(=O)(=O)NC(=O)C1CN(C(=O)c2cccc(C(N)=O)c2)c2ccccc21,0,false,2.6091726770253367,0.034010130912065506
CF-8-03,CN(C)CCCC(=O)Nc1cc2c(Nc3ccc(F)c(Cl)c3)ncnc2cc1OC1CCN(C(=O)CCOCCOCCOCCOCCOc2cccc3c2C(=O)N(C2CCC(=O)NC2=O)C3=O)CC1,1,false,2.2560562025695385,0.6590177416801453
CF-8-06,CN(C)CCCC(=O)Nc1cc2c(Nc3ccc(F)c(Cl)c3)ncnc2cc1OCc1cn(CCOCCOCCOCCOCCOc2cccc3c2C(=O)N(C2CCC(=O)NC2=O)C3=O)nn1.O=C(O)C(F)(F)F,1,false,-0.5341875949945004,0.5726943612098694
CF-8-12,COc1cc2ncnc(Nc3ccc(-c4cn(CCOCCOCCOCCOCCOc5cccc6c5C(=O)N(C5CCC(=O)NC5=O)C6=O)nn4)c(Cl)c3)c2cc1NC(=O)CCCN(C)C,1,false,-0.3848420540685103,0.6771093606948853
CF-8-165,COc1cc2ncnc(Nc3ccc(Cl)c(S(=O)(=O)N(C)C)c3)c2cc1N,1,true,5.097384319890072,0.34717947244644165
CF-8-166,CCN(C(C)C)S(=O)(=O)c1cc(Nc2ncnc3cc(OC)c(N)cc23)ccc1Cl,1,false,-0.21484193861196269,0.26110589504241943
CF-8-168,COc1cc2ncnc(Nc3ccc(Cl)c(S(=O)(=O)N4CCOCC4)c3)c2cc1N,1,true,5.073593643519822,0.16048984229564667
CF-8-169,COc1cc2ncnc(Nc3ccc(Cl)c(S(=O)(=O)N(C)CCO)c3)c2cc1N,1,true,5.464225053720733,0.3391489088535309
CF-8-225,C#Cc1ccc(Oc2cc3ncnc(Nc4ccc(-c5ncccn5)cc4)c3cc2N)cc1,1,false,0.639822979229112,0.24032776057720184
CF-8-239,CN(C)CCn1c(=O)[nH]c2cc3c(Nc4ccc(-c5ncccn5)cc4)ncnc3cc21,1,true,5.081074999675185,0.3632190227508545
CF-8-245,Cn1c(N)nc2cc3c(Nc4ccc(-c5ncccn5)cc4)ncnc3cc21,1,false,-0.2704092695681311,0.3722396492958069
CF-8-253,CCNc1nc2cc3c(Nc4ccc(-c5ncccn5)cc4)ncnc3cc2n1C,1,false,-0.22179043008238705,0.3455618619918823
CF-8-44,COc1cc2ncnc(Nc3ccc(-c4ncco4)cc3)c2cc1N,1,true,5.2896587817430945,0.15707440674304962
CF-8-48,COc1cc2ncnc(Nc3ccc(-c4cnco4)cc3)c2cc1N,1,false,0.3381761893493894,0.1933271288871765
CF-8-54,COc1cc2ncnc(Nc3ccc(-c4ncccn4)cc3)c2cc1N,1,true,5.0780779201333175,0.18451304733753204
CF-8-58,COc1cc2ncnc(Nc3ccc(OC(F)F)cc3)c2cc1N,1,false,-0.25076886437196,0.24500876665115356
CF-8-60,COc1cc2ncnc(Nc3ccc(NC(C)=O)cc3)c2cc1N,1,false,0.22757084226328583,0.13655008375644684
CSC000482201,O=C(c1sc2ccccc2c1Cl)N1CCOCC1,4,false,-0.9226565382896734,0.12790344655513763
CSC000487489,O=C(c1cc2ccccc2[nH]1)N1CCOCC1,4,false,-0.9257577437732065,0.15866227447986603
CSC000584532,O=C(c1cc2ccccc2o1)N1CCOCC1,4,false,-0.5010798582369091,0.13647152483463287
CSC000599708,O=C(c1cc2cc(F)ccc2s1)N1CCCC1,4,false,-0.040897868537187625,0.09398774057626724
CSC000613162,Cc1c(C(=O)N2CCOCC2)sc2ccccc12,4,false,0.34261058156485125,0.1002238541841507
CSC000723025,Cl.O=C(c1cc2ccccc2s1)N1CCNCC1,4,false,2.938712790953942,0.1367059350013733
CSC026025540,CC(C)(C)NC(=O)CN1CCCN(C(=O)c2cc3ccccc3s2)CC1,4,false,2.8652869481049508,0.14767678081989288
CSC026257373,N#Cc1ccc(N2CCN(C(=O)c3cc4ccccc4s3)CC2)nc1,4,true,6.26396255867704,0.5706647038459778
CSC026271276,O=C(NCCCCN1CCOCC1)c1cc2ccccc2s1,4,false,2.4772690461866267,0.1454436331987381
CSC026283272,O=C(c1cc2ccccc2s1)N1CCC(N2CCNC2=O)CC1,4,false,2.6765862338501187,0.0730884000658989
CSC026287815,O=C(c1cc2ccccc2s1)N1CCC(CN2CCOCC2)CC1,4,false,-0.49386553111225306,0.13174103200435638
CSC026321400,O=C(c1cc2c(s1)-c1ccccc1CC2)N1CCOCC1,4,false,2.9911379892357552,0.12344957143068314
CSC026321816,O=C(c1ccc(-c2nc3ccccc3s2)s1)N1CCOCC1,4,false,2.1612055489917137,0.7580077648162842
CSC026321858,O=C(c1sc2cc(Cl)ccc2c1Cl)N1CCOCC1,4,false,2.7939612800690092,0.12197841703891754
CSC026379739,CC(NC(=O)NCC(O)C1CC1)c1ccc(-c2ccncc2)cc1,2,false,-0.2515555392102535,0.14019283652305603
CSC026662386,O=C(NCC(c1cccs1)N1CCOCC1)c1cc2ccccc2s1,4,false,-0.6826414960875136,0.5289106369018555
CSC026686581,O=C(c1ccco1)N1CCN(C(=O)c2cc3ccccc3s2)CC1,4,false,2.6706832732685495,0.0883050262928009
CSC026692485,O=C(c1cc2c(F)cccc2s1)N1CCOC2CCCC21,4,false,2.772424149133697,0.11552499234676361
CSC026693315,Cc1c(C(=O)N2CCOCC2)sc2cccc(F)c12,4,false,-0.2134955030296754,0.10625280439853668
CSC026803846,O=C(NCCCN1CCOCC1)c1cc2ccccc2s1,4,false,-0.5506283574459083,0.15243998169898987
CSC026806135,O=C(c1cc2ccccc2s1)N1CCC(OCCCO)CC1,4,false,-0.31364994234098564,0.09184916317462921
CSC026820179,O=C(c1cc2ccccc2s1)N1CCN(CC2CCCO2)CC1,4,false,2.9352090198702405,0.15212878584861755
CSC026862760,Cc1c(C(=O)N2CCOC(C)C2)sc2ccccc12,4,false,2.8611889844888676,0.07522498071193695
CSC026866345,CC1CN(C(=O)c2cc3c(F)cccc3s2)CCO1,4,false,2.660051047295305,0.05739637091755867
CSC026866568,CC1CN(C(=O)c2cc3ccccc3s2)CCO1,4,false,2.973411947954917,0.07378194481134415
CSC026868280,O=C(CN1CCN(C(=O)c2cc3ccccc3s2)CC1)N1CCCC1,4,false,2.670068733792218,0.18967802822589874
CSC026898121,O=C(c1cc2ccccc2s1)N1CCN(Cc2cccc(Cl)c2)CC1,4,false,2.975267243472915,0.17739325761795044
CSC026903583,Cn1cnnc1C1CCN(C(=O)c2cc3ccccc3s2)CC1,4,false,-0.4869980362248089,0.4646458327770233
CSC026907877,Cc1ccccc1CN1CCN(C(=O)c2cc3ccccc3s2)CC1,4,false,2.7475215320782174,0.1565643697977066
CSC026922611,O=C(c1cc2ccccc2s1)N1CCN(C2CC2)CC1,4,false,-0.9610701930159476,0.1243954747915268
CSC026966465,O=C(c1cc2ccccc2s1)N1CCCN(c2nccs2)CC1,4,false,0.38871717791333554,0.3989504277706146
CSC027030125,O=C(c1cc2ccccc2s1)N1CCN(C2CCS(=O)(=O)C2)CC1,4,false,2.7477514871599427,0.12967060506343842
CSC027151389,O=C(c1cc2ccccc2s1)N1CCC2(CC1)OCCO2,4,false,2.9583736135152074,0.1703760027885437
CSC027181936,CCc1nnc2n1CCN(C(=O)c1cc3ccccc3s1)C2,4,false,2.799120261913655,0.5440186858177185
CSC027185733,Cc1nnc2n1CCN(C(=O)c1cc3ccccc3s1)C2,4,false,2.3329442036050847,0.518736720085144
CSC027222896,O=C(c1cc2ccccc2s1)N1CCN(C2CCCC2O)CC1,4,false,0.3902478280274429,0.13318395614624023
CSC027282453,CC(NCC#N)c1ccc(-c2ccncc2)cc1,2,false,2.5418063493530396,0.46720442175865173
CSC027341828,O=C(c1sc2cccc(F)c2c1COc1ccccc1)N1CCOCC1,4,false,0.26960309406137617,0.11545155197381973
CSC027355654,CCN(C)C(=O)NC(C)c1ccc(-c2ccncc2)cc1,2,false,2.898616486085749,0.14206545054912567
CSC027395181,CC1(C(=O)O)CCN(C(=O)c2cc3ccccc3s2)C1,4,false,2.6083085388825795,0.08519157022237778
CSC027465278,Cc1nc(C2CN(C(=O)c3cc4ccccc4s3)CCO2)no1,4,false,1.7986115725046552,0.2796165645122528
CSC027531052,O=C(c1cc2ccccc2s1)N1CCOCC2(CCOCC2)C1,4,false,2.8804725021487525,0.13259851932525635
CSC027541174,O=C(c1cc2ccccc2s1)N1CCN(S(=O)(=O)c2nnc[nH]2)CC1,4,false,-0.3293106967430251,0.18621759116649628
CSC027567290,Cc1ccc2sc(C(=O)N3CCOCC3c3nnc(C(C)C)o3)cc2c1,4,false,2.931300358985278,0.1964229792356491
CSC027575170,CC(NC(=O)NCCc1ccnn1C)c1ccc(-c2ccncc2)cc1,2,false,2.4982967677583687,0.14805258810520172
CSC027612047,CC(NC(=O)CSc1nccn1C)c1ccc(-c2ccncc2)cc1,2,false,2.6801563894714984,0.14487825334072113
CSC027615804,CC(C)NC(=O)NC(C)c1ccc(-c2ccncc2)cc1,2,false,-0.6318471506926885,0.1342168152332306
CSC027618409,Cn1cc(N2CCN(C(=O)c3cc4ccccc4s3)CC2)cn1,4,false,2.70950515624251,0.5790871381759644
CSC027618420,CC(NC(=O)C1CCN(c2cnccn2)CC1)c1ccc(-c2ccncc2)cc1,2,false,2.3049765505525537,0.23281258344650269
CSC027619059,CC(NC(=O)N(CCO)C1CC1)c1ccc(-c2ccncc2)cc1,2,false,2.6232116116925526,0.15502168238162994
CSC027619078,CC(NC(=O)NCC(C)(C)O)c1ccc(-c2ccncc2)cc1,2,false,2.4071010799467434,0.14611919224262238
CSC027659709,Cc1c(C(=O)N2CCOC(C(=O)O)C2)sc2ccc(F)cc12,4,false,-0.16569557094966333,0.09035574644804001
CSC027661285,Cc1c(C(=O)N2CCOCC2C(=O)O)sc2ccccc12,4,false,2.6151452454150186,0.15818196535110474
CSC027661759,O=C(O)C1COCCN1C(=O)c1cc2ccccc2s1,4,false,2.6567434015617573,0.17945945262908936
CSC027663852,Cc1c(C(=O)N2CCOC(CC(=O)O)C2)sc2ccccc12,4,false,0.814207842780483,0.08990062773227692
CSC027665728,Cc1ccc2sc(C(=O)N3CCOCC3c3cccn3C)cc2c1,4,false,2.826296235846108,0.1717303991317749
CSC027674059,O=C(c1cc2ccccc2s1)N1CCC(Nc2nccs2)CC1,4,false,2.617078178686587,0.4091971516609192
CSC027732631,COCc1c(C(=O)N2CC(C)OCC2C)sc2ccccc12,4,false,2.65729557405355,0.11412332952022552
CSC027751277,CC(=O)NCC1CCN(C(=O)c2cc3ccccc3s2)CC1,4,false,-1.0464964561176364,0.16006676852703094
CSC027753125,O=C(c1cc2c(s1)-c1ccccc1OC2)N1CCOCC1,4,false,2.677289742377295,0.10130426287651062
CSC027785401,Cn1cc(C2(C)CN(C(=O)c3cc4ccccc4s3)CCO2)cn1,4,false,-0.4397653369543304,0.6809009909629822
CSC027824530,Cc1c(C(=O)N2CCOCC2)sc2ccc(F)cc12,4,false,2.24109309704601,0.07006676495075226
CSC027828492,O=C(c1cc2ccccc2s1)N1CCCCC1c1ncon1,4,false,2.7215145724396534,0.3452467620372772
CSC028124968,CC(NC(=O)C(C)(C)C#N)c1ccc(-c2ccncc2)cc1,2,false,2.4215252370191496,0.23120315372943878
CSC030045833,NS(=O)(=O)C1CCN(C(=O)c2cc3ccccc3s2)C1,4,false,2.6631607811079334,0.09419503062963486
CSC057765040,CC(C)[C@H](N)C(=O)NC1CCN(c2ccccc2Cl)C1=O,5,false,2.339773872135576,0.06896237283945084
CSC058763792,O=C(N[C@H]1C[C@@H](O)C1)C1CC(=O)N(c2ccccc2Cl)C1,0,false,2.3454754239012,0.045179951936006546
CSC058941942,Cc1nnc(C2COCCN2C(=O)c2cc3ccccc3s2)o1,4,false,2.6632179030718977,0.3122098445892334
CSC067257834,O=C(Nc1cccnc1O)C1CC(=O)N(c2ccccc2Cl)C1,0,false,2.8650384442034236,0.20718993246555328
CSC083125584,Cc1cc(N2CCC(Nc3ccc(C)c(C(N)=O)c3)C2=O)n(C)n1,5,false,2.4916838056070274,0.43851667642593384
CSC097045727,Cc1cc(C(=O)NC2CCCN(c3ccccc3Cl)C2=O)ncc1C(N)=O,5,false,2.789870084182605,0.4652600586414337
CSC102892928,CCS(=O)(=O)N1CCN(C(=O)c2cc3ccccc3s2)CC1,4,false,2.540184531647001,0.11253412812948227
CSC103954470,COC1CCN(C(=O)c2cc3ccccc3s2)CC1,4,false,2.533163269896877,0.07698534429073334
CSC106192597,CN1CCC(N(C)C(=O)c2ccc(=O)n(Cc3ccccc3Cl)c2)CC1,0,false,2.8242928102257663,0.05473935976624489
CSC133034860,CC1CN(C(=O)c2cc3ccccc3s2)CC(C)O1,4,false,2.6856949925037528,0.0660528689622879
CSC133055435,CNC(=O)C1CN(C(=O)c2cc3cc(C)ccc3s2)CCO1,4,false,1.4060246854352574,0.0971568152308464
CSC133150101,O=C(c1cc2ccccc2s1)N1C[C@@]2(CO)C[C@@]2(CO)C1,4,false,2.821952697238313,0.15498843789100647
CSC138464531,Cc1nnc(C2CN(C(=O)c3sc4ccccc4c3C)CCO2)o1,4,false,-0.45694788491053906,0.3003489375114441
CSC138552571,CC(NCCC(=O)O)c1ccc(-c2ccncc2)cc1,2,false,2.701020487796611,0.44563043117523193
CSSS00026264922,Cc1ccc(N2CC(C(=O)N3CCCN(C)CC3)CC2=O)cc1,0,false,-0.6209193295266227,0.12416086345911026
CSSS00027380692,NC(=O)c1cc(NC2CCN(c3ccccc3F)C2=O)ccc1Cl,5,false,1.855048435566541,0.10146050155162811
CSSS00027403153,O=C1C(Nc2ccc3oc(=O)[nH]c3c2)CCN1c1ccccc1Cl,5,false,-0.24095924198252394,0.5543223023414612
CSSS00027692262,O=C(O)C1CN(C(=O)c2cc(Cl)ccc2F)c2ccccc21,0,false,-0.11414489940812889,0.05252165347337723
CSSS00027692525,O=C(O)C1CN(C(=O)c2cc(Br)ccc2F)c2ccccc21,0,false,2.2242896516709885,0.052392952144145966
CSSS00105258832,COc1ccccc1N1CCC(Nc2ccc3c(c2)CC(=O)N3)C1=O,5,false,2.223277450939865,0.3730159401893616
CSSS00106254874,O=C1Cc2cc(NC3CCN(c4ccccc4C(F)(F)F)C3=O)ccc2N1,5,false,2.6312803752971634,0.5184598565101624
CSSS00116250816,O=C(NCc1nccc2ccccc12)C1CC(=O)N(c2ccccc2Cl)C1,0,false,-0.1597404341189702,0.11606115847826004
CSSS00160446616,O=C(C1CC(=O)N(c2ccccc2)C1)N1CCN(C2CC2)C(=O)C1,0,false,-1.0888394829292474,0.3549555838108063
UNC-ZDG-148-2,O=C(Nc1ccc(F)c(O)c1)C1CC(=O)N(c2ccc(Cl)cc2)C1,0,false,2.018685183058537,0.11104432493448257
UNC-ZDG-150-1,Cn1cc(S(=O)(=O)N[C@@H]2CCN(c3ccccc3)C2=O)cn1,5,true,5.991845316378096,0.17548634111881256
UNC-ZDG-150-3,O=C1[C@H](NS(=O)(=O)c2ccc(C(F)(F)F)cc2)CCN1c1ccccc1,5,false,-0.6335638494607426,0.06842706352472305
UNC-ZDG-150-6,O=C1[C@H](NS(=O)(=O)N2CCOCC2)CCN1c1ccccc1,5,false,2.810613251787662,0.07080394774675369
UNC-ZDG-167-1,Brc1cnc2nc(Nc3ccc(Oc4ncccn4)cc3)[nH]c2c1,1,true,5.061751188302091,0.6380435824394226
UNC-ZDG-182-2,COC(=O)c1ccc(Nc2ncnc3cc(OC)c(OC)cc23)cc1,1,true,5.29159695265792,0.204533189535141
UNC-ZDG-183-2,COCCOc1cc2ncnc(Nc3ccc(C(=O)OC)cc3)c2cc1OCCOC,1,true,5.504495193388115,0.2548877000808716
UNC-ZDG-190,CC(=O)Nc1ccc(Oc2ncncc2N)cc1,1,false,2.0333395763765902,0.25986120104789734
UNC-ZDG-293-1,Fc1cnc2nc(Nc3ccc(Oc4ncccn4)cc3)[nH]c2c1,1,true,5.214444370531469,0.6380435824394226
UNC-ZDG-293-2,Clc1c(Br)cnc2nc(Nc3ccc(Oc4ncccn4)cc3)[nH]c12,1,true,6.529314330820379,0.49672532081604004
UNC-ZDG-293-3,Clc1cnc2nc(Nc3ccc(Oc4ncccn4)cc3)[nH]c2c1,1,true,5.018534393601503,0.5687834024429321
UNC-ZDG-294-1,Fc1cc(Br)cc2[nH]c(Nc3ccc(Oc4ncccn4)cc3)nc12,1,false,-0.04296048474934382,0.436760812997818
UNC-ZDG-294-3,Cn1c(Nc2ccc(Oc3ncccn3)cc2)nc2cc(Br)cnc21,1,true,5.2663959223028085,0.2398408204317093
UNC-ZDG-436-A,CCN(CC)S(=O)(=O)c1cc(Nc2nc(N3CCOCC3)nc3cc(OC)c(N)cc23)ccc1Cl,1,true,5.943425687419089,0.10353407263755798
UNC-ZDG-438-A,CCN(CC)S(=O)(=O)c1cc(Nc2nc(N3CNC(=O)C3)nc3cc(OC)c(N)cc23)ccc1Cl,1,false,-0.9409645473190792,0.37007203698158264
UNC-ZDG-81-1,O=C(NCCc1ccc(O)cc1)c1ccc(=O)n(Cc2ccccc2Cl)c1,0,false,2.3891689666196134,0.07164668291807175
UNC-ZDG-81-10,CC(C)(C)OC(=O)NCCN1CCN(C(=O)C2CC(=O)N(c3ccccc3)C2)CC1.O=C(O)OC(F)(F)F,0,false,2.8437467189078833,0.39768388867378235
UNC-ZDG-81-11,CC(C)(C)OC(=O)NCCN1CCN(C(=O)C2CC(=O)N(C3CCCCC3)C2)CC1.O=C(O)OC(F)(F)F,0,false,2.1097532367212604,0.2616008222103119
UNC-ZDG-81-2,CC(C)(C)OC(=O)NCCN1CCN(C(=O)C2CC(=O)N(c3ccc(F)cc3)C2)CC1.O=C(O)OC(F)(F)F,0,false,2.2079339585462168,0.20097723603248596
UNC-ZDG-81-3,CC(C)(C)OC(=O)NCCN1CCN(C(=O)C2CC(=O)N(Cc3ccccc3)C2)CC1.O=C(O)OC(F)(F)F,0,false,2.4576589984101087,0.36705681681632996
UNC-ZDG-81-5,CC(C)(C)OC(=O)NCCN1CCN(C(=O)C2CC(=O)N(c3ccc(Cl)cc3)C2)CC1.O=C(O)OC(F)(F)F,0,false,2.704939910304006,0.26464903354644775
UNC-ZDG-81-6,Cc1cccc(N2CC(C(=O)N3CCN(CCNC(=O)OC(C)(C)C)CC3)CC2=O)c1.O=C(O)OC(F)(F)F,0,false,2.6561268267080727,0.2641947269439697
UNC-ZDG-81-7,CC(C)(C)OC(=O)NCCN1CCN(C(=O)C2CC(=O)N(c3cccc(Cl)c3)C2)CC1.O=C(O)OC(F)(F)F,0,false,2.685572709135243,0.2935889959335327
UNC-ZDG-81-8,Cc1ccccc1N1CC(C(=O)N2CCN(CCNC(=O)OC(C)(C)C)CC2)CC1=O.O=C(O)OC(F)(F)F,0,false,2.119254439957681,0.28214821219444275
UNC-ZDG-81-9,CC(C)(C)OC(=O)NCCN1CCN(C(=O)C2CC(=O)N(c3ccccc3Cl)C2)CC1.O=C(O)OC(F)(F)F,0,false,2.2463453231450545,0.2924666404724121
UNC-ZDG-82-9,COc1ccc(NC(=O)C2CC(=O)N(c3ccccc3F)C2)cc1O,0,false,2.994260809767495,0.07475797086954117
UNC-ZDG-83-10,NCCN1CCN(C(=O)C2CC(=O)N(c3ccccc3)C2)CC1.O=C(O)C(F)(F)F,0,false,2.1662590093075287,0.39363184571266174
UNC-ZDG-83-6,Cc1cccc(N2CC(C(=O)N3CCN(CCN)CC3)CC2=O)c1.O=C(O)C(F)(F)F,0,false,2.3591757400990714,0.26908737421035767
UNC-ZDG-83-7,NCCN1CCN(C(=O)C2CC(=O)N(c3cccc(Cl)c3)C2)CC1.O=C(O)C(F)(F)F,0,false,2.7728979542515075,0.34286636114120483
UNC-ZDG-84-1,O=C1CC(C(=O)N2C(=O)OCC2Cc2ccccc2)CN1c1ccccc1,0,false,2.78844018805066,0.4597872495651245
UNC-ZDG-86-1,CN1CCN(C(=O)C2CC(=O)N(c3cccc(F)c3)C2)CC1.O=C(O)C(F)(F)F,0,false,2.2692006522703343,0.36638274788856506
UNC-ZDG-86-2,CN1CCN(C(=O)C2CC(=O)N(c3ccc(F)cc3)C2)CC1.O=C(O)C(F)(F)F,0,false,2.2896228748705685,0.14251211285591125
UNC-ZDG-86-3,CN1CCN(C(=O)C2CC(=O)N(Cc3ccccc3)C2)CC1.O=C(O)C(F)(F)F,0,false,2.2321205805591595,0.4039797782897949
UNC-ZDG-86-4,Cc1ccc(N2CC(C(=O)N3CCN(C)CC3)CC2=O)cc1.O=C(O)C(F)(F)F,0,false,2.9785522619217444,0.1588863879442215
UNC-ZDG-86-6,Cc1cccc(N2CC(C(=O)N3CCN(C)CC3)CC2=O)c1.O=C(O)C(F)(F)F,0,false,2.290446675796727,0.28664058446884155
UNC-ZDG-86-7,Cc1ccccc1N1CC(C(=O)N2CCN(C)CC2)CC1=O.O=C(O)C(F)(F)F,0,false,2.3370697753818863,0.32120320200920105
UNC-ZDG-86-9,CN1CCN(C(=O)C2CC(=O)N(C3CCCCC3)C2)CC1.O=C(O)C(F)(F)F,0,false,2.1054598208783655,0.22932963073253632
UNC-ZDG-87-2,CN1CCC(NC(=O)C2CC(=O)N(c3cccc(F)c3)C2)CC1.O=C(O)C(F)(F)F,0,false,2.4643162977393622,0.07771095633506775
UNC-ZDG-87-3,CN1CCC(NC(=O)C2CC(=O)N(c3ccc(F)cc3)C2)CC1.O=C(O)C(F)(F)F,0,false,2.254677378290365,0.05374012887477875
UNC-ZDG-87-4,Cc1ccc(N2CC(C(=O)NC3CCN(C)CC3)CC2=O)cc1.O=C(O)C(F)(F)F,0,false,2.350712218131553,0.057870157063007355
UNC-ZDG-87-5,CN1CCC(NC(=O)C2CC(=O)N(c3ccc(Cl)cc3)C2)CC1.O=C(O)C(F)(F)F,0,false,2.525564641473313,0.06505166739225388
UNC-ZDG-87-6,Cc1cccc(N2CC(C(=O)NC3CCN(C)CC3)CC2=O)c1.O=C(O)C(F)(F)F,0,false,2.94972020857941,0.0713740736246109
UNC-ZDG-87-7,Cc1ccccc1N1CC(C(=O)NC2CCN(C)CC2)CC1=O.O=C(O)C(F)(F)F,0,false,2.213366156536444,0.054195161908864975
UNC-ZDG-87-8,CN1CCC(NC(=O)C2CC(=O)N(c3ccccc3)C2)CC1.O=C(O)C(F)(F)F,0,false,2.815089935326148,0.06889508664608002
Z1020943668,O=C1Nc2ccccc2C1C1CCN(C(=O)C2CC(=O)N(c3ccc4c(c3)OCCO4)C2)CC1,0,true,5.098351281428768,0.28463014960289
ZDG-049,NCCN1CCN(C(=O)C2CC(=O)N(c3ccccc3F)C2)CC1.O=C(O)C(F)(F)F.O=C(O)C(F)(F)F,0,false,2.933706209795103,0.3160693049430847
