compound_id,canonical_smiles,fold,is_binder,pKD_global_mean,oof_p_binder_xgb_rdkit_fp_pocket_phys
1167298751,CN(CC1CCCNC1)C(=O)c1ccc(=O)n(Cc2ccccc2Cl)c1,0,false,2.8363811201272076,0.12672217190265656
1181032117,NC(=O)C1CCN1C(=O)NC1CCN(c2ccccc2Cl)C1=O,5,false,2.365909297963787,0.043096236884593964
173355673,CN(CC1CCCO1)C(=O)c1ccc(=O)n(Cc2ccccc2Cl)c1,0,false,2.751116081281551,0.14705650508403778
268757722,O=C(Nc1ncccc1O)C1CC(=O)N(c2c(F)cccc2F)C1,0,false,2.8682547832756664,0.24549663066864014
302181339,CN1CCC(N(C)C(=O)c2ccc(=O)n(Cc3ccccc3Cl)c2)C1=O,0,false,2.881901889586504,0.13162116706371307
342853879,Cc1ccc(S(C)(=O)=O)cc1C(=O)NC1CCN(c2ccccc2Cl)C1=O,5,false,2.6933148710185884,0.07438386976718903
354012616,Cc1ccc(NC(=O)C(=O)NC2CCN(c3ccccc3Cl)C2=O)cc1,5,false,2.4511834020634047,0.06733942776918411
427095899,Cc1ccc(NC2CCCN(c3ccccc3)C2=O)cc1C(N)=O,5,false,2.9864723841983007,0.05027887597680092
444853644,COc1ccccc1N1CCCC(Nc2ccc(C)c(C(N)=O)c2)C1=O,5,false,2.9173368754446702,0.05877992883324623
543294655,Cc1cc(=O)[nH]cc1C(=O)NC1CCN(c2ccccc2Cl)C1=O,5,false,2.45415781378126,0.03892257809638977
773212998,CC(C)N1CCC(N(C)C(=O)c2ccc(=O)n(Cc3ccccc3Cl)c2)C1,0,false,2.977942440727496,0.13459241390228271
97315646,CCN(CC(=O)N(C)C)C(=O)c1ccc(=O)n(Cc2ccccc2Cl)c1,0,false,2.670745192395454,0.15790684521198273
CF-10-034,COc1cc2nc(C(=O)O)nc(Nc3ccc(-c4ncccn4)cc3)c2cc1OC,1,false,0.7935955610654086,0.3319092094898224
CF-10-045,COc1cc2nc(N3CCN(C(C)=O)CC3)nc(Nc3ccc(-c4ncccn4)cc3)c2cc1OC,1,true,5.376361287678498,0.33878564834594727
CF-10-050,COc1cc2nc(N3CCC(C(=O)O)CC3)nc(Nc3ccc(-c4ncccn4)cc3)c2cc1OC,1,true,5.5521924334854065,0.28873685002326965
CF-10-051,COc1cc2nc(N(C)CCO)nc(Nc3ccc(-c4ncccn4)cc3)c2cc1OC,1,false,1.4009037918627234,0.43129363656044006
CF-10-061,COc1cc2nc(NCc3ccccc3)nc(Nc3ccc(-c4ncccn4)cc3)c2cc1OC,1,true,5.3564702309489896,0.3690277636051178
CF-10-063,COc1cc2nc(NCCO)nc(Nc3ccc(-c4ncccn4)cc3)c2cc1OC,1,true,6.119865879807937,0.39828354120254517
CF-10-065,COc1cc2nc(NCC(=O)O)nc(Nc3ccc(-c4ncccn4)cc3)c2cc1OC,1,false,0.6955934447483199,0.39076223969459534
CF-10-066,CNC(=O)CNc1nc(Nc2ccc(-c3ncccn3)cc2)c2cc(OC)c(OC)cc2n1,1,false,1.0080588111465805,0.4000818729400635
CF-10-071,COc1cc2nc(OCCO)nc(Nc3ccc(-c4ncccn4)cc3)c2cc1OC.O=CO,1,false,0.3479859922314758,0.39243531227111816
CF-10-073,COc1cc2nc(OCC(=O)O)nc(Nc3ccc(-c4ncccn4)cc3)c2cc1OC,1,true,5.246886067269574,0.3778887093067169
CF-10-074,CNC(=O)COc1nc(Nc2ccc(-c3ncccn3)cc2)c2cc(OC)c(OC)cc2n1,1,false,0.032534178134083484,0.36314857006073
CF-10-075,CCOCCNC(=O)COc1nc(Nc2ccc(-c3ncccn3)cc2)c2cc(OC)c(OC)cc2n1,1,false,0.37890078855742476,0.23424187302589417
CF-2-09,COc1ccccc1NC1CCN(c2ccccc2Cl)C1=O,5,false,2.7767806837113187,0.046400438994169235
CF-2-102,CN1CCN(C(=O)c2ccc(N[C@H]3CCN(c4ccccc4F)C3=O)cc2)CC1,5,false,-0.4931510078333014,0.07021487504243851
CF-2-103,CN1CCC(CNC(=O)c2ccc(N[C@H]3CCN(c4ccccc4F)C3=O)cc2)CC1,5,false,-0.604841704977382,0.07332982122898102
CF-2-105,O=C(Nc1ccccc1)c1ccc(N[C@H]2CCN(c3ccccc3F)C2=O)cc1,5,false,0.15043813180995477,0.11537200212478638
CF-2-106,CN(C)CCNC(=O)c1ccc(N[C@H]2CCN(c3ccccc3Cl)C2=O)cc1,5,false,-0.4472806361978953,0.05527446046471596
CF-2-108,CC(=O)N1CCN(C(=O)c2ccc(N[C@H]3CCN(c4ccccc4Cl)C3=O)cc2)CC1,5,false,-0.4429961720795169,0.04572250321507454
CF-2-109,CN1CCC(NC(=O)c2ccc(N[C@H]3CCN(c4ccccc4Cl)C3=O)cc2)CC1,5,false,-0.4304356549637877,0.04791906103491783
CF-2-111,NCCCNC(=O)c1ccc(N[C@H]2CCN(c3ccccc3Cl)C2=O)cc1,5,false,2.8364806538058462,0.06005879491567612
CF-2-112,CN(CCCNC(=O)OC(C)(C)C)C(=O)c1ccc(N[C@H]2CCN(c3ccccc3Cl)C2=O)cc1,5,false,0.4915666125393126,0.06467899680137634
CF-2-114,CN1CCN(C(=O)c2ccc(N[C@H]3CCN(c4ccccc4Cl)C3=O)cc2)CC1,5,false,-0.5736485094149807,0.04320598021149635
CF-2-115,CN1CCC(CNC(=O)c2ccc(N[C@H]3CCN(c4ccccc4Cl)C3=O)cc2)CC1,5,false,0.04693972444836963,0.05762006714940071
CF-2-117,O=C(Nc1ccccc1)c1ccc(N[C@H]2CCN(c3ccccc3Cl)C2=O)cc1,5,false,-0.8128289894242487,0.08305256068706512
CF-2-118,CN(C)CCNC(=O)c1cccc(N[C@H]2CCN(c3ccccc3F)C2=O)c1,5,false,2.9142259004652944,0.08867840468883514
CF-2-119,CN(C)CCN(C)C(=O)c1cccc(N[C@H]2CCN(c3ccccc3F)C2=O)c1,5,false,0.4156960224759323,0.07747279852628708
CF-2-120,CC(=O)N1CCN(C(=O)c2cccc(N[C@H]3CCN(c4ccccc4F)C3=O)c2)CC1,5,false,2.4416289068500148,0.07697490602731705
CF-2-121,CN1CCC(NC(=O)c2cccc(N[C@H]3CCN(c4ccccc4F)C3=O)c2)CC1,5,false,-0.5246513839194187,0.07290491461753845
CF-2-122,CC(C)(C)OC(=O)NCCCNC(=O)c1cccc(N[C@H]2CCN(c3ccccc3F)C2=O)c1,5,false,2.7785217054977482,0.1017017811536789
CF-2-123,NCCCNC(=O)c1cccc(N[C@H]2CCN(c3ccccc3F)C2=O)c1,5,false,2.949706990973341,0.08867840468883514
CF-2-126,CN1CCN(C(=O)c2cccc(N[C@H]3CCN(c4ccccc4F)C3=O)c2)CC1,5,false,-0.13443833130731178,0.06874296814203262
CF-2-127,CN1CCC(CNC(=O)c2cccc(N[C@H]3CCN(c4ccccc4F)C3=O)c2)CC1,5,false,-0.35210328801459784,0.08259879052639008
CF-2-128,O=C(NCc1ccccc1)c1cccc(N[C@H]2CCN(c3ccccc3F)C2=O)c1,5,false,1.7434259932658895,0.08621402084827423
CF-2-130,CN(C)CCNC(=O)c1ccnc(N[C@H]2CCN(c3ccccc3Cl)C2=O)c1,5,false,2.7533878027660745,0.11226458102464676
CF-2-132,CC(=O)N1CCN(C(=O)c2ccnc(N[C@H]3CCN(c4ccccc4Cl)C3=O)c2)CC1,5,false,0.10011850246257825,0.10556431859731674
CF-2-133,CN1CCC(NC(=O)c2ccnc(N[C@H]3CCN(c4ccccc4Cl)C3=O)c2)CC1,5,false,1.8134914007633611,0.10353590548038483
CF-2-134,CC(C)(C)OC(=O)NCCCNC(=O)c1ccnc(N[C@H]2CCN(c3ccccc3Cl)C2=O)c1,5,false,-0.5338569645679782,0.12172498553991318
CF-2-135,NCCCNC(=O)c1ccnc(N[C@H]2CCN(c3ccccc3Cl)C2=O)c1,5,false,2.8834071720673347,0.1017620861530304
CF-2-136,CN(CCCNC(=O)OC(C)(C)C)C(=O)c1ccnc(N[C@H]2CCN(c3ccccc3Cl)C2=O)c1,5,false,-0.05558148200310212,0.11325588822364807
CF-2-137,CN(CCCN)C(=O)c1ccnc(N[C@H]2CCN(c3ccccc3Cl)C2=O)c1,5,false,-0.05993753228093293,0.10588762164115906
CF-2-139,CN1CCC(CNC(=O)c2ccnc(N[C@H]3CCN(c4ccccc4Cl)C3=O)c2)CC1,5,false,2.202012212107503,0.10551203787326813
CF-2-140,O=C(NCc1ccccc1)c1ccnc(N[C@H]2CCN(c3ccccc3Cl)C2=O)c1,5,false,-0.6527516692990689,0.10647657513618469
CF-2-141,O=C(Nc1ccccc1)c1ccnc(N[C@H]2CCN(c3ccccc3Cl)C2=O)c1,5,false,-0.28781812275780067,0.11764777451753616
CF-2-142,CN(C)CCNC(=O)c1ccnc(N[C@H]2CCN(c3ccccc3F)C2=O)c1,5,false,-0.38663195149416096,0.0921955406665802
CF-2-143,CN(C)CCN(C)C(=O)c1ccnc(N[C@H]2CCN(c3ccccc3F)C2=O)c1,5,false,-0.6125481700100146,0.09541260451078415
CF-2-145,CN1CCC(NC(=O)c2ccnc(N[C@H]3CCN(c4ccccc4F)C3=O)c2)CC1,5,false,-0.7856982300802697,0.09735281020402908
CF-2-146,CC(C)(C)OC(=O)NCCCNC(=O)c1ccnc(N[C@H]2CCN(c3ccccc3F)C2=O)c1,5,false,-0.1861456673935675,0.1121329665184021
CF-2-147,NCCCNC(=O)c1ccnc(N[C@H]2CCN(c3ccccc3F)C2=O)c1,5,false,2.6084171913066685,0.09498884528875351
CF-2-148,CN(CCCNC(=O)OC(C)(C)C)C(=O)c1ccnc(N[C@H]2CCN(c3ccccc3F)C2=O)c1,5,false,-0.012854764186705026,0.10602166503667831
CF-2-150,CN1CCN(C(=O)c2ccnc(N[C@H]3CCN(c4ccccc4F)C3=O)c2)CC1,5,false,2.3385388523938104,0.08808266371488571
CF-2-152,O=C(NCc1ccccc1)c1ccnc(N[C@H]2CCN(c3ccccc3F)C2=O)c1,5,false,-0.9661154269529021,0.0905570238828659
CF-2-153,O=C(Nc1ccccc1)c1ccnc(N[C@H]2CCN(c3ccccc3F)C2=O)c1,5,false,-0.4885389016823467,0.11104843765497208
CF-2-156,CC(=O)N1CCN(C(=O)c2cc(N[C@H]3CCN(c4ccccc4Cl)C3=O)ccc2C)CC1,5,false,0.7883291013192472,0.049581192433834076
CF-2-157,Cc1ccc(N[C@H]2CCN(c3ccccc3Cl)C2=O)cc1C(=O)NC1CCN(C)CC1,5,false,2.717560100472961,0.048925962299108505
CF-2-160,Cc1ccc(N[C@H]2CCN(c3ccccc3Cl)C2=O)cc1C(=O)N(C)CCCNC(=O)OC(C)(C)C,5,false,2.909394634657932,0.07094231247901917
CF-2-161,Cc1ccc(N[C@H]2CCN(c3ccccc3Cl)C2=O)cc1C(=O)N(C)CCCN.Cl,5,false,-0.6415652984903014,0.06318345665931702
CF-2-162,Cc1ccc(N[C@H]2CCN(c3ccccc3Cl)C2=O)cc1C(=O)N1CCN(C)CC1,5,false,-0.04531573320478738,0.04097471013665199
CF-2-163,Cc1ccc(N[C@H]2CCN(c3ccccc3Cl)C2=O)cc1C(=O)NCC1CCN(C)CC1,5,false,2.5418534528173042,0.058541879057884216
CF-2-167,Cc1ccc(N[C@H]2CCN(c3ccccc3F)C2=O)cc1C(=O)N(C)CCN(C)C.O=CO,5,false,2.857659851817425,0.0830073356628418
CF-2-168,CC(=O)N1CCN(C(=O)c2cc(N[C@H]3CCN(c4ccccc4F)C3=O)ccc2C)CC1,5,false,1.5756558594904384,0.07985024899244308
CF-2-169,Cc1ccc(N[C@H]2CCN(c3ccccc3F)C2=O)cc1C(=O)NC1CCN(C)CC1,5,false,2.4306240100975187,0.07440416514873505
CF-2-170,Cc1ccc(N[C@H]2CCN(c3ccccc3F)C2=O)cc1C(=O)NCCCNC(=O)OC(C)(C)C,5,false,-0.07811060728170272,0.10209240764379501
CF-2-178,O=C(CCOCCOCCOCCOCCOc1cccc2c1C(=O)N(C1CCC(=O)NC1=O)C2=O)NCCCNC(=O)c1ccc(N[C@H]2CCN(c3ccccc3F)C2=O)cc1,5,false,2.473066459538685,0.18538330495357513
CF-2-181,NC(=O)c1cc(N[C@H]2CCN(c3ccccc3)C2=O)ccc1Cl,5,false,2.505242889483347,0.08309292793273926
CF-2-184,COc1ccc(N2CC[C@H](Nc3ccc(Cl)c(C(N)=O)c3)C2=O)cc1,5,false,0.531769410246588,0.20096544921398163
CF-2-192,CCc1ccc(N2CC[C@H](Nc3ccc(Cl)c(C(N)=O)c3)C2=O)cc1,5,true,5.467107978679741,0.17091776430606842
CF-2-194,Cc1ccc(N2CC[C@H](Nc3ccc(Cl)c(C(=O)NCCC(F)(F)F)c3)C2=O)cc1,5,false,-0.5955812803060881,0.1916881799697876
CF-2-195,Cc1ccc(N2CC[C@H](Nc3ccc(Cl)c(C(=O)NCCc4c[nH]c5ccccc45)c3)C2=O)cc1,5,false,-0.8665098892560215,0.20693106949329376
CF-2-197,Cc1ccc(N2CC[C@H](Nc3ccc(Cl)c(C(=O)N4CCN(C)CC4)c3)C2=O)cc1,5,false,-0.811795914286607,0.11834564059972763
CF-2-199,Cc1ccc(N2CC[C@H](Nc3ccc(Cl)c(C(=O)N4CCOCC4)c3)C2=O)cc1,5,false,2.151859157259673,0.18044419586658478
CF-2-200,Cc1ccc(N2CC[C@H](Nc3ccc(Cl)c(C(=O)NC4CCN(C)CC4)c3)C2=O)cc1,5,false,0.6983577589329186,0.1587720513343811
CF-2-201,CC(=O)N1CCC(NC(=O)c2cc(N[C@H]3CCN(c4ccc(C)cc4)C3=O)ccc2Cl)CC1,5,false,0.1170122021521509,0.12782377004623413
CF-2-205,Cc1ccc(N2CC[C@H](Nc3ccc(Cl)c(C(=O)NCc4c[nH]cn4)c3)C2=O)cc1,5,true,6.337161471114092,0.19285090267658234
CF-2-206,Cc1ccc(N2CC[C@H](Nc3ccc(Cl)c(C(=O)NCc4cocn4)c3)C2=O)cc1,5,false,2.906614728813024,0.20855015516281128
CF-2-207,Cc1ccc(N2CC[C@H](Nc3ccc(Cl)c(C(=O)NCCNC(=O)OC(C)(C)C)c3)C2=O)cc1,5,false,-0.35560666616068043,0.20219121873378754
CF-2-209,Cc1ccc(N2CC[C@H](Nc3ccc(Cl)c(C(=O)NCCCNC(=O)OC(C)(C)C)c3)C2=O)cc1,5,false,-0.25476830796710037,0.21997472643852234
CF-2-211,COC(=O)CCNC(=O)c1cc(N[C@H]2CCN(c3ccc(C)cc3)C2=O)ccc1Cl,5,false,-0.07562744075826791,0.19949446618556976
CF-2-212,Cc1ccc(N2CC[C@H](Nc3ccc(Cl)c(C(=O)NCCC(=O)O)c3)C2=O)cc1,5,false,2.720692692548038,0.18322402238845825
CF-2-213,COC(=O)C1CCN(C(=O)c2cc(N[C@H]3CCN(c4ccc(C)cc4)C3=O)ccc2Cl)CC1,5,false,-0.41746191362273094,0.15236979722976685
CF-2-214,Cc1ccc(N2CC[C@H](Nc3ccc(Cl)c(C(=O)N4CCC(C(=O)O)CC4)c3)C2=O)cc1,5,false,-0.04607244630199226,0.15236979722976685
CF-2-216,Cc1ccc(N2CC[C@H](Nc3ccc(Cl)c(C(=O)N(C)CC(=O)O)c3)C2=O)cc1,5,false,2.313064655083397,0.20854464173316956
CF-2-217-Int-12,NCCCNC(=O)c1ccc(NC2CCN(c3ccccc3F)C2=O)cc1,5,false,-0.1704108866858407,0.07596351206302643
CF-2-218,O=C(NCCCNC(=O)C1CC1)c1ccc(N[C@H]2CCN(c3ccccc3F)C2=O)cc1,5,true,7.538177818464019,0.0801655575633049
CF-2-219,CCNC(=O)NCCCNC(=O)c1ccc(N[C@H]2CCN(c3ccccc3F)C2=O)cc1,5,false,-0.430623419961011,0.08259198069572449
CF-2-220,O=C(NCCCNC(=O)c1ccc(N[C@H]2CCN(c3ccccc3F)C2=O)cc1)O[C@@H]1CCOC1,5,false,2.5260212439841006,0.1207798644900322
CF-2-221,O=C(NCCCNC(=O)c1ccc(N[C@H]2CCN(c3ccccc3F)C2=O)cc1)O[C@H]1CCOC1,5,false,1.9396212538485034,0.1207798644900322
CF-2-223,Cn1cnc(C(=O)NCCCNC(=O)c2ccc(N[C@H]3CCN(c4ccccc4F)C3=O)cc2)c1,5,false,-0.04332663098807515,0.10870935767889023
CF-2-224,O=C(NCCCNc1ncc(F)cn1)c1ccc(N[C@H]2CCN(c3ccccc3F)C2=O)cc1,5,true,5.369685160007767,0.15788543224334717
CF-2-229,CC(C)(C)OC(=O)NCCCNC(=O)c1ccc(N[C@H]2CCN(c3ccc(Cl)cc3)C2=O)cc1,5,false,0.23481189755376256,0.09289644658565521
CF-2-230,Cc1ccc(N2CC[C@H](Nc3ccc(C(=O)NCCCNC(=O)OC(C)(C)C)cc3)C2=O)cc1,5,false,1.0020947481588218,0.07577748596668243
CF-2-232,CC(C)(C)OC(=O)NCCCNC(=O)c1ccc(N[C@H]2CCN(c3ccc(Cl)c(Cl)c3)C2=O)cc1,5,false,2.6016640010017387,0.16786517202854156
CF-2-235,CC(C)(C)OC(=O)NCCCNC(=O)c1ccc(N[C@H]2CCN(c3cc(F)ccc3F)C2=O)cc1,5,false,-0.37336133606287975,0.09269516170024872
CF-2-239,CC(C)(CNC(=O)OC(C)(C)C)CNC(=O)c1ccc(N[C@H]2CCN(c3ccccc3F)C2=O)cc1,5,false,2.2857534577302956,0.08761122822761536
CF-2-241,CC(C)(C)OC(=O)N1CCC(CNC(=O)c2ccc(N[C@H]3CCN(c4ccccc4F)C3=O)cc2)CC1,5,false,0.16977811910125842,0.08769100159406662
CF-2-243,CC(C)(C)OC(=O)NC1CCN(C(=O)c2ccc(N[C@H]3CCN(c4ccccc4F)C3=O)cc2)CC1,5,false,-0.4605474119508196,0.10151055455207825
CF-2-244,CC(C)(C)OC(=O)N1CC[C@H](CNC(=O)c2ccc(N[C@H]3CCN(c4ccccc4F)C3=O)cc2)C1,5,false,0.7184314865553708,0.09563253074884415
CF-2-247,COc1cc(N[C@H]2CCN(c3ccccc3F)C2=O)ccc1C(=O)NCCCNC(=O)OC(C)(C)C,5,false,2.976404849396127,0.07981052994728088
CF-2-250,COc1cc(C(=O)NCCCNC(=O)OC(C)(C)C)ccc1N[C@H]1CCN(c2ccccc2F)C1=O,5,false,1.8627209518107168,0.09746602177619934
CF-2-253,Cc1ccc(N2CC[C@H](NS(=O)(=O)N3CCC(C)CC3)C2=O)cc1,5,false,2.7937147762361034,0.09653207659721375
CF-2-255,CC1CCN(S(=O)(=O)N[C@H]2CCN(c3ccccc3Cl)C2=O)CC1,5,false,0.22274923215878079,0.05316219478845596
CF-2-257,CC1CCN(S(=O)(=O)N[C@H]2CCN(c3ccc(C4CC4)cc3)C2=O)CC1,5,false,-0.42520327835248894,0.11228346824645996
CF-2-259,CC1CCN(S(=O)(=O)N[C@H]2CCN(c3ccc(F)cc3F)C2=O)CC1,5,false,2.708970069302816,0.06370748579502106
CF-2-26,O=C(NC1CCN(c2c(F)cccc2F)C1=O)c1ccccc1,5,false,2.538875595834802,0.032340116798877716
CF-2-260,CC1CCN(S(=O)(=O)N[C@H]2CCN(c3ccc(F)c(F)c3)C2=O)CC1,5,false,-0.45400734026457096,0.06206599995493889
CF-2-261,CC1CCN(S(=O)(=O)N[C@H]2CCN(c3cccc(Cl)c3)C2=O)CC1,5,false,0.4007529835909973,0.08226747810840607
CF-2-262,CC(=O)N1CCN(S(=O)(=O)N[C@H]2CCN(c3ccccc3)C2=O)CC1,5,false,2.361890330077742,0.04818709194660187
CF-2-263,CC(=O)N1CCN(S(=O)(=O)N[C@H]2CCN(c3ccc(C)cc3)C2=O)CC1,5,false,2.4284642347931684,0.07406684011220932
CF-2-264,CC(=O)N1CCN(S(=O)(=O)N[C@H]2CCN(c3ccc(Cl)cc3)C2=O)CC1,5,false,2.755723914640768,0.0573483407497406
CF-2-267,CC(=O)Nc1ccc(C(NC(=O)Cc2ccccc2Cl)c2ccccc2F)cc1,1,false,1.1201803810880488,0.05520634725689888
CF-2-268,CC(=O)N1CCN(S(=O)(=O)N[C@H]2CCN(c3ccc(F)cc3F)C2=O)CC1,5,false,-0.3125044859143467,0.06326550990343094
CF-2-269,COc1cccc(N2CC[C@H](NS(=O)(=O)N3CCN(C(C)=O)CC3)C2=O)c1,5,false,-0.5966605384094432,0.064422607421875
CF-2-270,CC(=O)N1CCN(S(=O)(=O)N[C@H]2CCN(c3cccc(Cl)c3)C2=O)CC1,5,false,2.899120917196493,0.08662121742963791
CF-2-271,CC(=O)N1CCN(S(=O)(=O)N[C@H]2CCN(c3ccccc3Cl)C2=O)CC1,5,false,2.748676067918001,0.056814007461071014
CF-2-272,CN1CCN(C(=O)[C@@H]2CC(=O)N(c3ccccc3)C2)CC1,0,false,-0.559302873479378,0.06797157227993011
CF-2-273,CN1CCN(C(=O)[C@H]2CC(=O)N(c3ccccc3)C2)CC1,0,false,0.12619065297624713,0.06797157227993011
CF-2-276,COc1cccc(N2C[C@H](C(=O)N3CCN(C)CC3)CC2=O)c1,0,false,-0.5548041959795535,0.06981560587882996
CF-2-277,COc1cccc(N2C[C@@H](C(=O)N3CCN(C)CC3)CC2=O)c1,0,false,-0.5088877916420822,0.06981560587882996
CF-2-282,CN1CCN(C(=O)[C@@H]2CC(=O)N(c3cccc(Cl)c3)C2)CC1,0,false,0.6861354505189226,0.11913378536701202
CF-2-283,CN1CCN(C(=O)[C@H]2CC(=O)N(c3cccc(Cl)c3)C2)CC1,0,false,-0.6764156247290205,0.11913378536701202
CF-2-29,O=C(Cc1ccccc1Cl)NC1CCN(c2c(F)cccc2F)C1=O,5,false,2.9386253227194046,0.04388651251792908
CF-2-30,O=C(CCc1ccccc1)NC1CCN(c2c(F)cccc2F)C1=O,5,false,2.350303731370942,0.04198281839489937
CF-2-32,O=C(COc1ccccc1)NC1CCN(c2c(F)cccc2F)C1=O,5,false,2.757357278731852,0.07257229834794998
CF-2-50,CC(C)(C)OC(=O)NCCCNC(=O)C1CC(=O)N(c2ccccc2)C1,0,false,2.398590955300132,0.10790006816387177
CF-2-54,CN(CCCNC(=O)OC(C)(C)C)C(=O)C1CC(=O)N(c2ccccc2)C1,0,false,2.478905811601777,0.1097077801823616
CF-2-57,O=C(NCc1ccccc1)C1CC(=O)N(c2ccccc2)C1,0,false,2.7397745364835795,0.058021076023578644
CF-2-58,O=C(Nc1ccccc1)C1CC(=O)N(c2ccccc2)C1,0,false,2.8348142975541957,0.07279624789953232
CF-2-60,CN(C)CCNC(=O)C1CC(=O)N(c2ccccc2F)C1.O=CO,0,false,2.9401891113864207,0.1287732869386673
CF-2-61,CC(C)(C)OC(=O)NCCCNC(=O)C1CC(=O)N(c2ccccc2F)C1,0,false,2.338261156273633,0.14136402308940887
CF-2-62,CN1CCC(NC(=O)C2CC(=O)N(c3ccccc3F)C2)CC1.O=CO,0,false,2.6177492978202186,0.21088196337223053
CF-2-63,CN(C)CCN(C)C(=O)C1CC(=O)N(c2ccccc2)C1.O=CO,0,false,2.5304679649542203,0.11368986964225769
CF-2-64,CN(C)CCN(C)C(=O)C1CC(=O)N(c2ccccc2F)C1,0,false,2.7342042242570033,0.08124364912509918
CF-2-65,CN(CCCNC(=O)OC(C)(C)C)C(=O)C1CC(=O)N(c2ccccc2F)C1,0,false,2.9692512743964596,0.1384819746017456
CF-2-68,O=C(NCc1ccccc1)C1CC(=O)N(c2ccccc2F)C1,0,false,2.759657116183326,0.07936881482601166
CF-2-72,CC(C)(C)OC(=O)NCCCNC(=O)C1CC(=O)N(c2ccccc2Cl)C1,0,false,2.4151456421750845,0.09614797681570053
CF-2-74,CN1CCC(CNC(=O)C2CC(=O)N(c3ccccc3Cl)C2)CC1,0,false,2.9334055225206086,0.07600290328264236
CF-2-75,CN(C)CCN(C)C(=O)C1CC(=O)N(c2ccccc2Cl)C1,0,false,2.9478516774507333,0.0602179579436779
CF-2-76,CN(CCCNC(=O)OC(C)(C)C)C(=O)C1CC(=O)N(c2ccccc2Cl)C1,0,false,2.5529463231652856,0.085891954600811
CF-2-79,O=C(NCc1ccccc1)C1CC(=O)N(c2ccccc2Cl)C1,0,false,2.8842992509601997,0.08657731860876083
CF-2-80,O=C(Nc1ccccc1)C1CC(=O)N(c2ccccc2Cl)C1,0,false,2.7648528485816786,0.0911966860294342
CF-2-81,O=C(C1CC(=O)N(c2ccccc2Cl)C1)N1CCOCC1,0,false,2.965846417549967,0.057826895266771317
CF-2-83,CN(C)CCN(C)C(=O)c1cccc(N[C@H]2CCN(c3ccccc3Cl)C2=O)c1,5,false,2.9068577550015418,0.04992721974849701
CF-2-84,CC(=O)N1CCN(C(=O)c2cccc(N[C@H]3CCN(c4ccccc4Cl)C3=O)c2)CC1,5,false,2.911108513915525,0.04556455835700035
CF-2-95,CN(C)CCN(C)C(=O)c1ccc(N[C@H]2CCN(c3ccccc3F)C2=O)cc1,5,false,2.766279019969409,0.07088597118854523
CF-2-96,CC(=O)N1CCN(C(=O)c2ccc(N[C@H]3CCN(c4ccccc4F)C3=O)cc2)CC1,5,false,2.767190791244673,0.07427970319986343
CF-3-08,COc1ccc(C)cc1NC(=O)[C@H](N)Cc1ccccc1,2,false,2.9097426269532916,0.1029309555888176
CF-3-101,Cc1ccc(OCc2ccccc2)c(NC(=O)[C@H]2CCCN2)c1,2,false,2.8335901521410607,0.06213495880365372
CF-3-112,Cc1ccc(OC(F)F)c(NC(=O)CCNC(=O)OC(C)(C)C)c1,2,true,5.104329694137918,0.09391769766807556
CF-3-113,Cc1ccc(OC(F)F)c(NC(=O)CCN)c1,2,false,2.788361075574338,0.0652487725019455
CF-3-117,Cc1ccc(Oc2ccccc2)c(NC(=O)CCN)c1,2,false,0.32693787747855707,0.038621217012405396
CF-3-118,Cc1ccc(OCc2ccccc2)c(NC(=O)CCNC(=O)OC(C)(C)C)c1,2,false,2.8460199904852996,0.1545308381319046
CF-3-12,COc1ccc(C)cc1NC(=O)[C@H](N)Cc1ccc(O)cc1,2,false,2.878280168626377,0.11649121344089508
CF-3-123,COc1ccc(Cl)cc1NC(=O)[C@@H](N)Cc1ccc(O)cc1,2,false,-0.06907327055358141,0.14113374054431915
CF-3-124,COc1ccc(C(F)(F)F)cc1NC(=O)[C@H](Cc1ccc(O)cc1)NC(=O)OC(C)(C)C,2,false,-0.027839650996182224,0.23166771233081818
CF-3-127,COc1ccc(C#N)cc1NC(=O)[C@H](Cc1ccc(O)cc1)NC(=O)OC(C)(C)C,2,false,-0.21907803100448486,0.2984091341495514
CF-3-132,Cc1ccc(OCCN(C)C)c(NC(=O)[C@H](Cc2ccc(O)cc2)NC(=O)OC(C)(C)C)c1,2,false,2.9511098512766383,0.3066466450691223
CF-3-133,Cc1ccc(OCCN(C)C)c(NC(=O)[C@@H](N)Cc2ccc(O)cc2)c1,2,false,0.6684108433210035,0.22370170056819916
CF-3-143,COc1ccc(C)cc1NC(=O)CN1CCC(c2c[nH]c3ccccc23)CC1,2,false,2.7210497383384276,0.281328409910202
CF-3-146,COc1ccc(C)cc1NC(=O)CN1CCC(C(N)=O)CC1,2,false,-1.0083334766002159,0.04633834958076477
CF-3-148,COc1ccc(C)cc1NC(=O)CN1CCC(N2CCCC2=O)CC1,2,false,2.172860954972499,0.058718759566545486
CF-3-150,COc1ccc(C)cc1NC(=O)CN1CC[C@@H](N(C)C)C1,2,false,-0.1948516504887474,0.03992830216884613
CF-3-151,COc1ccc(C)cc1NC(=O)CN1CC[C@H](N(C)C)C1,2,false,0.13004708878636737,0.03992830216884613
CF-3-154,COc1ccc(C)cc1NC(=O)[C@H]1CCCN1C(=O)c1ccc(O)cc1,2,false,2.8290997733968704,0.07152611017227173
CF-3-159,COc1ccc(C)cc1NC(=O)[C@H]1CCCN1C(=O)CC1CCN(C(=O)OC(C)(C)C)CC1,2,false,2.4700676210501653,0.18715769052505493
CF-3-16,COc1ccc(C)cc1NC(=O)[C@H](N)Cc1cnc[nH]1,2,false,2.725119088740067,0.1815653145313263
CF-3-161,COc1ccc(C)cc1NC(=O)[C@H]1CCCN1C(=O)OCc1ccccc1,2,false,-0.011165699840404645,0.09753751754760742
CF-3-163,COc1ccc(C)cc1NC(=O)[C@H]1CCCN1C(=O)O[C@@H]1CCOC1,2,false,0.22691096691573723,0.2085157334804535
CF-3-164,COc1ccc(C)cc1NC(=O)[C@H]1CCCN1S(=O)(=O)c1ccccc1,2,false,-0.6403734745279974,0.07740190625190735
CF-3-169,COc1ccc(C)cc1NC(=O)[C@H]1CCCN1C(=O)NCc1ccccc1,2,false,-0.3797709519216108,0.16475999355316162
CF-3-171,CCOC(=O)CNC(=O)N1CCC[C@@H]1C(=O)Nc1cc(C)ccc1OC,2,false,-0.06083911861895087,0.23667991161346436
CF-3-174,COc1ccc(C)cc1NC(=O)CCNC(=O)c1ccc(O)cc1,2,false,2.4576188387314937,0.05188018083572388
CF-3-176,COc1ccc(C)cc1NC(=O)CCNC(=O)Cc1ccccc1,2,false,-0.62419144534062,0.07058165967464447
CF-3-177,COc1ccc(C)cc1NC(=O)CCNC(=O)CCNC(=O)OC(C)(C)C,2,false,-0.6184555297866262,0.09059592336416245
CF-3-179,COc1ccc(C)cc1NC(=O)CCNC(=O)CC1CCN(C(=O)OC(C)(C)C)CC1,2,false,-0.7251290614900187,0.18085406720638275
CF-3-18,COc1ccc(C)cc1NC(=O)CCN,2,false,2.9724028111002783,0.05061466246843338
CF-3-182,COc1ccc(C)cc1NC(=O)CCNC(=O)O[C@@H]1CCOC1,2,false,2.9504539771385008,0.11537589877843857
CF-3-185,COc1ccc(C)cc1NC(=O)CCNS(=O)(=O)Cc1ccccc1,2,false,-1.4235119837797172,0.08018948882818222
CF-3-189,COc1ccc(C)cc1NC(=O)CCNC(=O)NCc1ccccc1,2,false,2.972268091246098,0.08040561527013779
CF-3-190,CCNC(=O)NCCC(=O)Nc1cc(C)ccc1OC,2,false,-1.0959528221079573,0.0628875344991684
CF-3-192,COc1ccc(C)cc1NC(=O)[C@H](Cc1ccc(O)cc1)NC(C)=O,2,false,-0.23517213719498226,0.20030362904071808
CF-3-193,COc1ccc(C)cc1NC(=O)[C@H](Cc1ccc(O)cc1)NC(=O)c1ccccc1,2,false,0.1356369107675473,0.16872388124465942
CF-3-196,COc1ccc(C)cc1NC(=O)[C@H](Cc1ccc(O)cc1)NC(=O)Nc1ccccc1,2,false,2.8157404431947364,0.25523826479911804
CF-3-197,COc1ccc(C)cc1NC(=O)[C@H](Cc1ccc(O)cc1)NC(=O)Cc1ccccc1,2,false,-0.5835590698882218,0.24147556722164154
CF-3-198,COc1ccc(C)cc1NC(=O)[C@H](Cc1ccc(O)cc1)NC(=O)[C@@H]1Cc2ccc(O)cc2CN1,2,false,0.20752029464715185,0.2410445213317871
CF-3-201,C=CCOc1ccc(C[C@H](N)C(=O)Nc2cc(C)ccc2OC)cc1,2,false,2.838979539550091,0.17318418622016907
CF-3-204,COc1cccc(NC(=O)NCCC(=O)Nc2cc(C)ccc2OC)c1,2,false,2.468836243224043,0.14915744960308075
CF-3-207,COc1ccc(C)cc1NC(=O)CCNC(=O)Nc1cccc(Cl)c1,2,true,6.58011852148931,0.15743890404701233
CF-3-210,COc1ccc(C)cc1NC(=O)CCNC(=O)NC1CCN(C(=O)OC(C)(C)C)CC1,2,false,2.6277292442997986,0.1483002007007599
CF-3-211,COc1ccc(C)cc1NC(=O)CCNC(=O)NC1CCNCC1,2,false,1.1736160178032282,0.09334027767181396
CF-3-213,COc1ccc(C)cc1NC(=O)CCNC(=O)NC1CCN(C(C)=O)CC1,2,true,7.162516786842849,0.10568960011005402
CF-3-214,COc1ccc(C)cc1NC(=O)CCCC(=O)Nc1ccccc1,2,true,7.228757050962009,0.052696745842695236
CF-3-215,COc1ccc(NC(=O)CCCC(=O)Nc2cc(C)ccc2OC)cc1,2,false,2.972589249366176,0.07607898116111755
CF-3-219,COc1ccc(CC(=O)NCCC(=O)Nc2cc(C)ccc2OC)cc1,2,false,-0.15335134389556604,0.09608080238103867
CF-3-221,COc1ccc(C)cc1NC(=O)CCNC(=O)Cc1ccccc1F,2,false,-0.7804649185502804,0.09584182500839233
CF-3-222,COc1ccc(C)cc1NC(=O)CCNc1nc2ccccc2[nH]1,2,true,11.241925143476047,0.2236638218164444
CF-3-225,COc1ccc(C(F)(F)F)cc1NC(=O)CCNC(=O)Nc1ccccc1,2,false,0.0645073055363057,0.09769503027200699
CF-3-29,COc1ccc(C)cc1NC(=O)C1CCN(C(=O)OC(C)(C)C)CC1,2,false,2.4596361957657886,0.13718396425247192
CF-3-30,COc1ccc(C)cc1NC(=O)C1CCNCC1,2,false,2.4836842059316604,0.04439352825284004
CF-3-36,COc1ccc(C)cc1NC(=O)CNC(=O)Cc1ccccc1,2,false,2.854285936588499,0.06469200551509857
CF-3-40,COc1ccc(C)cc1NC(=O)CNS(=O)(=O)c1ccccc1,2,false,2.7005406801153033,0.09233196079730988
CF-3-42,COc1ccc(C)cc1NC(=O)Cn1ccnc1,2,false,2.888903904724187,0.14963990449905396
CF-3-52,COc1ccc(F)cc1NC(=O)CN,2,false,2.9621343122030477,0.04851468652486801
CF-3-55,COc1cc(C)ccc1NC(=O)CN,2,false,2.6120556408131947,0.052415065467357635
CF-3-56,COc1cc(Cl)ccc1NC(=O)CN,2,false,2.752763756394871,0.062321726232767105
CF-3-58,Cc1ccc(Oc2ccccc2Cl)c(NC(=O)CN)c1,2,false,2.9923180792715716,0.04783312603831291
CF-3-59,Cc1ccc(OCc2ccccc2)c(NC(=O)CN)c1,2,false,2.996276585040076,0.067158542573452
CF-3-62,Cc1ccc(OCCNC(=O)OC(C)(C)C)c(NC(=O)CN)c1,2,false,2.5576413197929533,0.08745545148849487
CF-3-65,Cc1ccc(C#Cc2ccc(F)cc2)c(NC(=O)CN)c1,2,false,2.9952936847239844,0.04603950306773186
CF-3-69,Cc1ccc(-c2cn(CC(=O)O)nn2)c(NC(=O)CNC(=O)OC(C)(C)C)c1,2,true,6.5867272079001875,0.23273223638534546
CF-3-83,Cc1ccc(OCc2ccccc2)c(NC(=O)CN2CCC(N(C)C)CC2)c1,2,false,-0.5592717389370591,0.10246488451957703
CF-3-92,COc1cc(F)c(F)cc1NC(=O)[C@H]1CCCN1C(=O)OC(C)(C)C,2,false,-0.5215375243546011,0.1414191573858261
CF-3-97,Cc1ccc(OCCN(C)C)c(NC(=O)[C@H]2CCCN2)c1,2,false,0.20837547516250224,0.05254083871841431
CF-5-01,O=C(Nc1ccc(Oc2ncccn2)cc1)C1CC1,1,false,2.6956502453505498,0.08847077935934067
CF-5-04,COC(=O)C(=O)Nc1ccc(Oc2ncccn2)cc1,1,false,2.4963716287666164,0.14189085364341736
CF-5-05,O=C(O)C(=O)Nc1ccc(Oc2ncccn2)cc1,1,false,2.5371694410062173,0.1575336456298828
CF-5-06,CNC(=O)C(=O)Nc1ccc(Oc2ncccn2)cc1,1,false,2.7182962810617397,0.142785906791687
CF-5-11,CC(C)(C)OC(=O)NCCC(=O)Nc1ccc(Oc2ncccn2)cc1,1,false,2.433670315055694,0.10906969755887985
CF-5-111,CC(=O)Nc1ccc(-n2c(Nc3ccccc3)nc3ccccc32)cc1,1,false,2.998264808751934,0.1842975914478302
CF-5-12,CC(C)(C)OC(=O)NCC(=O)Nc1ccc(Oc2ncccn2)cc1,1,false,2.3581813499730906,0.12354737520217896
CF-5-126,COc1cccc(SCC(=O)Nc2ccc(Oc3ncccn3)cc2)c1,1,false,-0.33161206716945363,0.11287657916545868
CF-5-128,O=C(CSc1ccccc1Cl)Nc1ccc(Oc2ncccn2)cc1,1,false,2.309103033284339,0.07661856710910797
CF-5-130,O=C(CSc1ccc(Cl)cc1)Nc1ccc(Oc2ncccn2)cc1,1,false,0.16958055466212926,0.06476107239723206
CF-5-131,CC(=O)Nc1ccc(SCC(=O)Nc2ccc(Oc3ncccn3)cc2)cc1,1,false,-0.2103700246748931,0.10491548478603363
CF-5-132,COC(=O)c1ccc(SCC(=O)Nc2ccc(Oc3ncccn3)cc2)cc1,1,true,6.821919991612469,0.10859889537096024
CF-5-134,CNC(=O)c1ccc(SCC(=O)Nc2ccc(Oc3ncccn3)cc2)cc1,1,false,-0.17229962114619676,0.13782526552677155
CF-5-136,O=C(CSC1CCNCC1)Nc1ccc(Oc2ncccn2)cc1,1,false,-0.3761484369085029,0.1553080976009369
CF-5-137,CC(=O)N1CCC(SCC(=O)Nc2ccc(Oc3ncccn3)cc2)CC1,1,false,2.5604596098787056,0.09616915136575699
CF-5-138,O=C(CSC1CCN(Cc2ccccc2)CC1)Nc1ccc(Oc2ncccn2)cc1,1,false,2.449960381665218,0.04825799912214279
CF-5-139,COc1ccccc1OCC(=O)Nc1ccc(Oc2ncccn2)cc1,1,false,-0.8456362286219204,0.13104307651519775
CF-5-14,CC(C)(C)OC(=O)N1CCC(CC(=O)Nc2ccc(Oc3ncccn3)cc2)CC1,1,false,2.612346968994667,0.0790727436542511
CF-5-140,COc1cccc(OCC(=O)Nc2ccc(Oc3ncccn3)cc2)c1,1,false,2.9000714903760305,0.13163025677204132
CF-5-142,O=C(COc1ccccc1Cl)Nc1ccc(Oc2ncccn2)cc1,1,true,5.077815326391519,0.05696393921971321
CF-5-146,O=C(COC1CCNCC1)Nc1ccc(Oc2ncccn2)cc1,1,false,-0.23859623484479087,0.1576332449913025
CF-5-147,CC(=O)N1CCC(OCC(=O)Nc2ccc(Oc3ncccn3)cc2)CC1,1,false,0.02074781064393092,0.1275273710489273
CF-5-15,O=C(O)CCC(=O)Nc1ccc(Oc2ncccn2)cc1,1,false,2.815896261404543,0.1629471331834793
CF-5-164,CC(=O)Nc1ccc(N(Cc2ccc(C(=O)O)cc2)c2ncccn2)cc1,1,false,2.807844703027676,0.2688845694065094
CF-5-173,CCNC(=O)Nc1ccc(N(Cc2ccccc2)c2ncnc3ccccc23)cc1,1,true,6.973375946463146,0.24794089794158936
CF-5-174,CC(=O)Nc1ccc(N(Cc2ccccc2)c2ncc3ccccc3n2)cc1,1,true,7.6372474466103695,0.22971446812152863
CF-5-175,O=C(Nc1ccc(N(Cc2ccccc2)c2ncc3ccccc3n2)cc1)C1CC1,1,true,7.3885035398105865,0.23644985258579254
CF-5-176,O=C(Nc1ccc(N(Cc2ccccc2)c2ncc3ccccc3n2)cc1)NC1CC1,1,true,7.499301276290025,0.1539364904165268
CF-5-177,CCNC(=O)Nc1ccc(N(Cc2ccccc2)c2ncc3ccccc3n2)cc1,1,true,6.630158094933292,0.2845877408981323
CF-5-178,CC(=O)Nc1ccc(N(Cc2ccccc2)c2cc(Cl)ncn2)cc1,1,false,1.3946575855661032,0.2644754648208618
CF-5-18,CNC(=O)COCC(=O)Nc1ccc(Oc2ncccn2)cc1,1,false,2.564504590854398,0.25765398144721985
CF-5-186,CC(=O)Nc1ccc(N(Cc2ccccc2)c2ncc(F)cn2)cc1,1,true,7.918549580718494,0.25511661171913147
CF-5-19,O=C(CN1CCOCC1)Nc1ccc(Oc2ncccn2)cc1,1,false,2.6996926427327432,0.08672451972961426
CF-5-190,O=C(Nc1ccc(N(Cc2ccccc2)c2ncccn2)cc1)C1CC1,1,true,7.163285688353628,0.18025395274162292
CF-5-191,O=C(CSc1ccccc1)Nc1ccc(N(Cc2ccccc2)c2ncccn2)cc1,1,false,0.09950267397977858,0.1219373494386673
CF-5-192,CC(=O)Nc1ccc(N(CC2CCN(C(=O)OC(C)(C)C)CC2)c2ncccn2)cc1,1,true,8.00457444309985,0.09989749640226364
CF-5-196,CC(C)(C)OC(=O)N1CCC(CN(c2ccc(NC(=O)C3CC3)cc2)c2ncccn2)CC1,1,false,2.873119927735649,0.11727116256952286
CF-5-200,CCNC(=O)Nc1ccc(N(CC2CCN(C(=O)OC(C)(C)C)CC2)c2ncccn2)cc1,1,false,-0.1778725687619721,0.14340682327747345
CF-5-201,CCNC(=O)Nc1ccc(N(CC2CCNCC2)c2ncccn2)cc1,1,false,-0.2580255817717337,0.2977781295776367
CF-5-203,Cc1ccc(N2CC[C@H](Nc3ccc(Cl)c(C(=O)NCc4ccc(O)cc4)c3)C2=O)cc1,5,false,-0.4242659380284146,0.16580542922019958
CF-5-204,CCNC(=O)Nc1ccc(Nc2ncnc3ccccc23)cc1,1,false,2.9098424485398473,0.18609663844108582
CF-5-205,O=C(Nc1ccc(Nc2ncnc3ccccc23)cc1)NC1CC1,1,false,2.8332474390793023,0.20516665279865265
CF-5-206,CC(C)(C)OC(=O)NCCCNC(=O)Nc1ccc(Nc2ncnc3ccccc23)cc1,1,true,11.98431413280717,0.1919628232717514
CF-5-207,NCCCNC(=O)Nc1ccc(Nc2ncnc3ccccc23)cc1,1,false,2.417186739840173,0.26573899388313293
CF-5-210,CC(C)(C)OC(=O)NCCC(=O)Nc1ccc(Nc2ncnc3ccccc23)cc1.O=C(O)C(F)(F)F,1,false,1.4546364538054941,0.10165143013000488
CF-5-211,NCCC(=O)Nc1ccc(Nc2ncnc3ccccc23)cc1,1,false,2.9068015624269927,0.19497856497764587
CF-5-214,CC(=O)N1CCC(C(=O)Nc2ccc(Nc3ncnc4ccccc34)cc2)CC1,1,false,2.7351495806351505,0.1771300882101059
CF-5-215,CN1CCC(C(=O)Nc2ccc(Nc3ncnc4ccccc34)cc2)CC1,1,true,7.182682976397272,0.12358809262514114
CF-5-216,CC(C)(C)OC(=O)N1CCC(CC(=O)Nc2ccc(Nc3ncnc4ccccc34)cc2)CC1,1,true,5.362503749097533,0.1342049539089203
CF-5-217,O=C(CC1CCNCC1)Nc1ccc(Nc2ncnc3ccccc23)cc1,1,false,2.4411548045138125,0.24200157821178436
CF-5-222,CCNC(=O)Nc1ccc(C(O)c2ccccc2F)cc1,1,false,1.8330024841431718,0.22567957639694214
CF-5-223,OC(c1ccc(Nc2ncnc3ccccc23)cc1)c1ccccc1F,1,false,-0.6030628243932971,0.35513800382614136
CF-5-224,OC(c1ccc(Nc2nc3c(Cl)cccc3[nH]2)cc1)c1ccccc1F,1,true,7.845176953228508,0.4894205629825592
CF-5-235,CC(=O)Nc1ccc(C(O)c2cc(F)ccc2F)cc1,1,false,2.718405397447942,0.16078954935073853
CF-5-236,O=C(Nc1ccc(C(O)c2cc(F)ccc2F)cc1)C1CC1,1,false,0.17166919358151103,0.20345604419708252
CF-5-237,CCNC(=O)Nc1ccc(C(O)c2cc(F)ccc2F)cc1,1,false,0.7716725386747714,0.199721097946167
CF-5-239,O=C(Nc1ccc(C(O)c2cccc(F)c2F)cc1)C1CC1,1,false,2.4758067597032145,0.20345604419708252
CF-5-240,CCNC(=O)Nc1ccc(C(O)c2cccc(F)c2F)cc1,1,true,5.413254266415069,0.20480136573314667
CF-5-250,CC(=O)Nc1ccc(C(O)c2ccc(Cl)cc2F)cc1,1,false,0.23992859991881985,0.199196919798851
CF-5-251,O=C(Nc1ccc(C(O)c2ccc(Cl)cc2F)cc1)C1CC1,1,false,-0.6027105764814391,0.21891483664512634
CF-5-252,CCNC(=O)Nc1ccc(C(O)c2ccc(Cl)cc2F)cc1,1,false,2.5758946653080566,0.23092445731163025
CF-5-254,O=C(Nc1ccc(C(O)c2cc(Cl)ccc2F)cc1)C1CC1,1,false,2.4594657515176195,0.24684980511665344
CF-5-256,CC(=O)Nc1ccc(C(C)(O)c2ccccc2F)cc1,1,false,2.980659415587885,0.24880234897136688
CF-5-258,CC(=O)Nc1ccc(C(O)(Cc2ccccc2)c2ccccc2F)cc1,1,true,5.7852668730545735,0.20288637280464172
CF-5-260,CC(=O)Nc1ccc(C(NC(C)=O)c2ccccc2F)cc1,1,false,1.3390847079104184,0.06193022057414055
CF-5-265,CC(=O)N1CCN(S(=O)(=O)N[C@H]2CCN(c3ccc(Cl)c(Cl)c3)C2=O)CC1,5,true,8.121460828139206,0.09286091476678848
CF-5-266,COc1ccc(CC(=O)NC(c2ccc(NC(C)=O)cc2)c2ccccc2F)cc1,1,true,5.476800237771764,0.05987657979130745
CF-5-27,O=C(NCCCCl)Nc1ccc(Oc2ncccn2)cc1,1,false,2.8586649972913634,0.15446589887142181
CF-5-283,CC(C)(C)OC(=O)NCCC(=O)NC(c1ccc(NC(=O)C2CC2)cc1)c1ccccc1F,1,false,-0.2560432271284593,0.11055810749530792
CF-5-284,NCCC(=O)NC(c1ccc(NC(=O)C2CC2)cc1)c1ccccc1F,1,false,2.8734304805542776,0.2060835212469101
CF-5-285,O=C(O)c1cc(Nc2ccc(Oc3ncccn3)cc2)ncn1,1,false,2.63749889816459,0.6315287947654724
CF-5-288,CN1CCN(C(=O)c2cc(Nc3ccc(Oc4ncccn4)cc3)ncn2)CC1,1,false,-0.14052390565130057,0.5193338394165039
CF-5-289,CN1CCC(CNC(=O)c2cc(Nc3ccc(Oc4ncccn4)cc3)ncn2)CC1,1,false,2.6616286968716816,0.5330955982208252
CF-5-29,O=C(NCCCN1CCOCC1)Nc1ccc(Oc2ncccn2)cc1,1,true,5.791370155158363,0.10416165739297867
CF-5-290,CC(=O)N1CCN(C(=O)c2cc(Nc3ccc(Oc4ncccn4)cc3)ncn2)CC1,1,false,-0.847255224425077,0.49020183086395264
CF-5-293,O=C(NCc1ccccc1)c1cnc(Nc2ccc(Oc3ncccn3)cc2)nc1,1,true,12.408775985617627,0.5510991215705872
CF-5-30,COC(=O)CCNC(=O)Nc1ccc(Oc2ncccn2)cc1,1,false,2.828356643780853,0.14213231205940247
CF-5-300,O=C(O)c1ccc2nc(Nc3ccc(Oc4ncccn4)cc3)[nH]c2c1,1,false,-0.2800806739597437,0.43083009123802185
CF-5-303,CC(C)(C)OC(=O)NCCCNC(=O)c1ccc2nc(Nc3ccc(Oc4ncccn4)cc3)[nH]c2c1,1,false,-0.5708478144880517,0.3551332354545593
CF-5-305,CCNC(=O)Nc1ccc(Nc2ncnc3ccccc23)cc1,1,false,0.8810527837537799,0.18609663844108582
CF-5-306,CCOC(=O)Nc1ccc(N(Cc2ccccc2)c2ncc3ccccc3n2)cc1,1,true,5.01428987531358,0.2749730944633484
CF-5-307,c1cnc(Oc2ccc(Nc3nc4ccccc4[nH]3)cc2)nc1,1,false,2.069953256938839,0.36837249994277954
CF-5-308,Cn1c(Nc2ccc(Oc3ncccn3)cc2)nc2ccccc21,1,false,2.9422874830903387,0.21547648310661316
CF-5-31,O=C(O)CCNC(=O)Nc1ccc(Oc2ncccn2)cc1,1,false,2.6299746387111838,0.174945667386055
CF-5-311,COCCn1c(Nc2ccc(Oc3ncccn3)cc2)nc2ccccc21,1,false,0.5026162729036037,0.17410880327224731
CF-5-312,CC(C)(C)OC(=O)NCCCn1c(Nc2ccc(Oc3ncccn3)cc2)nc2ccccc21,1,false,1.857787425909757,0.26574158668518066
CF-5-320,Oc1ccc(-c2nnc(Nc3ccc(Oc4ncccn4)cc3)o2)cc1,1,false,0.5131518175030784,0.3801986873149872
CF-5-321,c1cnc(Oc2ccc(Nc3nnc(C4CC4)o3)cc2)nc1,1,false,-0.3386337601190225,0.37002289295196533
CF-5-36,CS(=O)(=O)Nc1ccc(Oc2ncccn2)cc1,1,false,2.5815857099665656,0.1364559382200241
CF-5-38,COCCS(=O)(=O)Nc1ccc(Oc2ncccn2)cc1,1,false,2.6077425412615995,0.14336532354354858
CF-5-39,Cc1nc2cc(Oc3ncccn3)ccc2[nH]1,1,false,2.9724276301755053,0.19962535798549652
CF-5-40,CC(C)c1nc2cc(Oc3ncccn3)ccc2[nH]1,1,false,2.9126689870689795,0.17626355588436127
CF-5-56,CC(C)c1nnc(Nc2ccc(Oc3ncccn3)cc2)o1,1,false,2.7152978275945525,0.34552404284477234
CF-5-58,CC(=O)Nc1ccc(Oc2ccccc2)cc1,1,false,2.943697830470536,0.05627737194299698
CF-5-59,CC(=O)Nc1ccc(Oc2ccccc2F)cc1,1,false,2.905725661587438,0.07551149278879166
CF-5-60,CC(=O)Nc1ccc(Oc2cccc(F)c2)cc1,1,false,2.748867585501016,0.03907371684908867
CF-5-61,CC(=O)Nc1ccc(Oc2ccc(F)cc2)cc1,1,false,2.662665160010436,0.05228136107325554
CF-5-62,CC(=O)Nc1ccc(Oc2ccccc2Cl)cc1,1,false,2.953351581423844,0.0520862452685833
CF-5-63,CC(=O)Nc1ccc(Oc2cccc(Cl)c2)cc1,1,false,2.516489956593488,0.04755891114473343
CF-5-65,CC(=O)Nc1ccc(Oc2cc(F)ccc2F)cc1,1,false,2.9697354922670387,0.056786924600601196
CF-5-74,CC(=O)Nc1ccc(Nc2ncncc2C#N)cc1,1,false,2.688472276093166,0.15470704436302185
CF-5-75,CC(=O)Nc1ccc(Oc2nccc(C)n2)cc1,1,false,2.8222185070563275,0.06993431597948074
CF-5-76,COc1ccnc(Oc2ccc(NC(C)=O)cc2)n1,1,false,2.9468179048772467,0.11532137542963028
CF-5-77,CC(=O)Nc1ccc(Oc2nccc(C#N)n2)cc1,1,false,2.72427662830249,0.18083719909191132
CF-5-78,CC(=O)Nc1ccc(Oc2ncncc2F)cc1,1,false,2.7631317444538808,0.0708150714635849
CF-5-81,CC(=O)Nc1ccc(Nc2ncccn2)cc1,1,false,2.9776223403184137,0.14403007924556732
CF-5-84,CC(=O)Nc1ccc(N(CCc2ccccc2)c2ncccn2)cc1,1,false,2.90558551230909,0.18221774697303772
CF-6-106,NC(=O)c1cccc(C(=O)N2CCC(C(=O)O)c3ccccc32)c1,0,true,6.856497478081488,0.20323435962200165
CF-6-108,COc1cc(OC)cc(C(=O)N2CCC(C(=O)O)c3ccccc32)c1,0,false,2.8534209981878447,0.18129484355449677
CF-6-110,NC(=O)c1cc(F)cc(C(=O)N2CCC(C(=O)O)c3ccccc32)c1,0,true,7.098209089995969,0.22681866586208344
CF-6-111,O=C(O)C1CN(C(=O)c2ccccc2)Cc2ccccc21,0,false,2.6002811595889557,0.05262879282236099
CF-6-112,NC(=O)c1cccc(C(=O)N2Cc3ccccc3C(C(=O)O)C2)c1,0,false,2.5447039027125555,0.11498496681451797
CF-6-113,NC(=O)c1cccc(C(=O)N2Cc3ccccc3C(C(=O)O)C2)c1,0,false,2.966119707485253,0.11498496681451797
CF-6-114,NC(=O)c1ccc(C(=O)N2Cc3ccccc3C(C(=O)O)C2)cc1,0,false,2.4909300270786257,0.09312785416841507
CF-6-116,NC(=O)c1cc(F)cc(C(=O)N2Cc3ccccc3C(C(=O)O)C2)c1,0,false,-0.4491075501275909,0.12334199994802475
CF-6-121,CC(=O)N1CCC[C@H](C(=O)N2CC(C(=O)O)c3ccccc32)C1,0,false,1.2733169917769411,0.07902265340089798
CF-6-122,O=C(O)C1CN(C(=O)[C@H]2COc3ccccc3O2)c2ccccc21,0,false,2.992630007916929,0.1449098289012909
CF-6-124,N#Cc1ccc(C(=O)N2CCC(C(=O)O)c3ccccc32)cc1,0,true,7.631018789340685,0.15811602771282196
CF-6-128,N#Cc1cc(F)cc(C(=O)N2CCC(C(=O)O)c3ccccc32)c1,0,false,2.3718850036345382,0.2372625768184662
CF-6-129,N#Cc1cccc(C(=O)N2Cc3ccccc3C(C(=O)O)C2)c1,0,false,2.648358859325894,0.06803753226995468
CF-6-130,N#Cc1ccc(C(=O)N2Cc3ccccc3C(C(=O)O)C2)cc1,0,false,1.9450123665191132,0.05227392911911011
CF-6-19,COc1ccc(C(=O)N2CC(C(=O)O)c3ccccc32)cc1,0,false,2.8740355334691223,0.1377808302640915
CF-6-24,O=C(O)C1CN(C(=O)c2cccc(O)c2)c2ccccc21,0,false,2.953191564433353,0.1162048950791359
CF-6-26,Cc1ccccc1C(=O)N1CC(C(=O)O)c2ccccc21,0,false,2.911248264845367,0.10220248252153397
CF-6-33,CC(=O)N1CCN(C(=O)c2cccc(C(=O)N3CC(C(=O)O)c4ccccc43)c2)CC1,0,false,2.497751861612382,0.11201971769332886
CF-6-34,CC(=O)NCCNC(=O)c1cccc(C(=O)N2CC(C(=O)O)c3ccccc32)c1,0,false,2.966159494693724,0.14579084515571594
CF-6-38,CC(=O)NCCOc1ccc(C(=O)N2CC(C(=O)O)c3ccccc32)cc1,0,false,2.9431200523897676,0.15501669049263
CF-6-39,N#Cc1ccccc1C(=O)N1CC(C(=O)O)c2ccccc21,0,true,6.9450870377045915,0.15351197123527527
CF-6-40,N#Cc1cc(C(=O)N2CC(C(=O)O)c3ccccc32)ccc1F,0,false,2.549017204889042,0.12785618007183075
CF-6-42,NC(=O)c1ccc(F)c(C(=O)N2CC(C(=O)O)c3ccccc32)c1,0,false,2.94800752635654,0.1528504192829132
CF-6-44,COc1cc(OC)cc(C(=O)N2CC(C(=O)O)c3ccccc32)c1,0,false,2.9439382166426387,0.11014977097511292
CF-6-45,COC(=O)c1cc(OC)cc(C(=O)N2CC(C(=O)O)c3ccccc32)c1,0,false,-0.45123167128773367,0.15085971355438232
CF-6-46,COc1cc(Br)cc(C(=O)N2CC(C(=O)O)c3ccccc32)c1,0,false,2.971189846631191,0.21795783936977386
CF-6-47,O=C(O)C1CN(C(=O)c2cc(O)ccc2F)c2ccccc21,0,false,2.941940945925588,0.1543506532907486
CF-6-48,O=C(O)C1CN(C(=O)c2cc(F)ccc2F)c2ccccc21,0,false,2.8644993108028634,0.13087384402751923
CF-6-49,N#Cc1ccc(F)c(C(=O)N2CC(C(=O)O)c3ccccc32)c1,0,false,2.8497092244202147,0.14976845681667328
CF-6-56,COc1cc(C(=O)N2CC(C(=O)O)c3ccccc32)cc(OC)c1OC,0,false,2.50465496662969,0.13202078640460968
CF-6-57,O=C(O)C1CN(C(=O)c2cc(F)c(F)c(F)c2)c2ccccc21,0,false,2.7714875939172847,0.15050935745239258
CF-6-58,Cc1cncc(C(=O)N2CC(C(=O)O)c3ccccc32)c1,0,false,2.4999093384117446,0.11625602841377258
CF-6-62,O=C(O)C1CN(C(=O)Cc2ccccc2)c2ccccc21,0,false,2.8630829487226954,0.08143163472414017
CF-6-64,O=C(O)C1CN(C(=O)COc2ccccc2)c2ccccc21,0,false,2.682388563623317,0.10222930461168289
CF-6-70,O=C(O)C1CN(C(=O)NCc2ccccc2)c2ccccc21,0,false,2.7780887308237747,0.075275719165802
CF-6-71,O=C(O)C1CN(C(=O)Nc2ccccc2)c2ccccc21,0,false,2.801475735722711,0.09458810836076736
CF-6-73,O=C(O)C1CN(C(=O)CN2CCOCC2)c2ccccc21,0,false,2.29201285669743,0.07636265456676483
CF-6-75,O=C(O)C1CN(C(=O)Cn2ccnc2)c2ccccc21,0,true,6.4100890663761145,0.09992258250713348
CF-6-82,O=C(O)C1CN(S(=O)(=O)N2CCOCC2)c2ccccc21,0,false,2.575137546010099,0.11605209857225418
CF-6-83,CNC(=O)C1CN(C(=O)c2cccc(C#N)c2)c2ccccc21,0,false,2.92420208753801,0.0836489126086235
CF-6-86,CS(=O)(=O)NC(=O)C1CN(C(=O)c2cccc(C#N)c2)c2ccccc21,0,false,2.787769336198242,0.1334950476884842
CF-6-96,CS(=O)(=O)NC(=O)C1CN(C(=O)c2cccc(C(N)=O)c2)c2ccccc21,0,false,2.6091726770253367,0.13010524213314056
CF-8-03,CN(C)CCCC(=O)Nc1cc2c(Nc3ccc(F)c(Cl)c3)ncnc2cc1OC1CCN(C(=O)CCOCCOCCOCCOCCOc2cccc3c2C(=O)N(C2CCC(=O)NC2=O)C3=O)CC1,1,false,2.2560562025695385,0.17848153412342072
CF-8-06,CN(C)CCCC(=O)Nc1cc2c(Nc3ccc(F)c(Cl)c3)ncnc2cc1OCc1cn(CCOCCOCCOCCOCCOc2cccc3c2C(=O)N(C2CCC(=O)NC2=O)C3=O)nn1.O=C(O)C(F)(F)F,1,false,-0.5341875949945004,0.18940678238868713
CF-8-12,COc1cc2ncnc(Nc3ccc(-c4cn(CCOCCOCCOCCOCCOc5cccc6c5C(=O)N(C5CCC(=O)NC5=O)C6=O)nn4)c(Cl)c3)c2cc1NC(=O)CCCN(C)C,1,false,-0.3848420540685103,0.19890709221363068
CF-8-165,COc1cc2ncnc(Nc3ccc(Cl)c(S(=O)(=O)N(C)C)c3)c2cc1N,1,true,5.097384319890072,0.18319201469421387
CF-8-166,CCN(C(C)C)S(=O)(=O)c1cc(Nc2ncnc3cc(OC)c(N)cc23)ccc1Cl,1,false,-0.21484193861196269,0.1443556547164917
CF-8-168,COc1cc2ncnc(Nc3ccc(Cl)c(S(=O)(=O)N4CCOCC4)c3)c2cc1N,1,true,5.073593643519822,0.16505639255046844
CF-8-169,COc1cc2ncnc(Nc3ccc(Cl)c(S(=O)(=O)N(C)CCO)c3)c2cc1N,1,true,5.464225053720733,0.2014361172914505
CF-8-225,C#Cc1ccc(Oc2cc3ncnc(Nc4ccc(-c5ncccn5)cc4)c3cc2N)cc1,1,false,0.639822979229112,0.2977153956890106
CF-8-239,CN(C)CCn1c(=O)[nH]c2cc3c(Nc4ccc(-c5ncccn5)cc4)ncnc3cc21,1,true,5.081074999675185,0.24671992659568787
CF-8-245,Cn1c(N)nc2cc3c(Nc4ccc(-c5ncccn5)cc4)ncnc3cc21,1,false,-0.2704092695681311,0.27190688252449036
CF-8-253,CCNc1nc2cc3c(Nc4ccc(-c5ncccn5)cc4)ncnc3cc2n1C,1,false,-0.22179043008238705,0.27563145756721497
CF-8-44,COc1cc2ncnc(Nc3ccc(-c4ncco4)cc3)c2cc1N,1,true,5.2896587817430945,0.3086070120334625
CF-8-48,COc1cc2ncnc(Nc3ccc(-c4cnco4)cc3)c2cc1N,1,false,0.3381761893493894,0.3198375999927521
CF-8-54,COc1cc2ncnc(Nc3ccc(-c4ncccn4)cc3)c2cc1N,1,true,5.0780779201333175,0.3647471070289612
CF-8-58,COc1cc2ncnc(Nc3ccc(OC(F)F)cc3)c2cc1N,1,false,-0.25076886437196,0.29269298911094666
CF-8-60,COc1cc2ncnc(Nc3ccc(NC(C)=O)cc3)c2cc1N,1,false,0.22757084226328583,0.22405925393104553
CSC000482201,O=C(c1sc2ccccc2c1Cl)N1CCOCC1,4,false,-0.9226565382896734,0.11209435760974884
CSC000487489,O=C(c1cc2ccccc2[nH]1)N1CCOCC1,4,false,-0.9257577437732065,0.07134655863046646
CSC000584532,O=C(c1cc2ccccc2o1)N1CCOCC1,4,false,-0.5010798582369091,0.17539077997207642
CSC000599708,O=C(c1cc2cc(F)ccc2s1)N1CCCC1,4,false,-0.040897868537187625,0.06381469964981079
CSC000613162,Cc1c(C(=O)N2CCOCC2)sc2ccccc12,4,false,0.34261058156485125,0.09073401242494583
CSC000723025,Cl.O=C(c1cc2ccccc2s1)N1CCNCC1,4,false,2.938712790953942,0.04919971525669098
CSC026025540,CC(C)(C)NC(=O)CN1CCCN(C(=O)c2cc3ccccc3s2)CC1,4,false,2.8652869481049508,0.05218888074159622
CSC026257373,N#Cc1ccc(N2CCN(C(=O)c3cc4ccccc4s3)CC2)nc1,4,true,6.26396255867704,0.08414190262556076
CSC026271276,O=C(NCCCCN1CCOCC1)c1cc2ccccc2s1,4,false,2.4772690461866267,0.07995657622814178
CSC026283272,O=C(c1cc2ccccc2s1)N1CCC(N2CCNC2=O)CC1,4,false,2.6765862338501187,0.08841680735349655
CSC026287815,O=C(c1cc2ccccc2s1)N1CCC(CN2CCOCC2)CC1,4,false,-0.49386553111225306,0.07923620194196701
CSC026321400,O=C(c1cc2c(s1)-c1ccccc1CC2)N1CCOCC1,4,false,2.9911379892357552,0.11757930368185043
CSC026321816,O=C(c1ccc(-c2nc3ccccc3s2)s1)N1CCOCC1,4,false,2.1612055489917137,0.3243303894996643
CSC026321858,O=C(c1sc2cc(Cl)ccc2c1Cl)N1CCOCC1,4,false,2.7939612800690092,0.1697225123643875
CSC026379739,CC(NC(=O)NCC(O)C1CC1)c1ccc(-c2ccncc2)cc1,2,false,-0.2515555392102535,0.13329340517520905
CSC026662386,O=C(NCC(c1cccs1)N1CCOCC1)c1cc2ccccc2s1,4,false,-0.6826414960875136,0.09314525127410889
CSC026686581,O=C(c1ccco1)N1CCN(C(=O)c2cc3ccccc3s2)CC1,4,false,2.6706832732685495,0.08211580663919449
CSC026692485,O=C(c1cc2c(F)cccc2s1)N1CCOC2CCCC21,4,false,2.772424149133697,0.16782686114311218
CSC026693315,Cc1c(C(=O)N2CCOCC2)sc2cccc(F)c12,4,false,-0.2134955030296754,0.1665821075439453
CSC026803846,O=C(NCCCN1CCOCC1)c1cc2ccccc2s1,4,false,-0.5506283574459083,0.06725455075502396
CSC026806135,O=C(c1cc2ccccc2s1)N1CCC(OCCCO)CC1,4,false,-0.31364994234098564,0.04406541585922241
CSC026820179,O=C(c1cc2ccccc2s1)N1CCN(CC2CCCO2)CC1,4,false,2.9352090198702405,0.07872503250837326
CSC026862760,Cc1c(C(=O)N2CCOC(C)C2)sc2ccccc12,4,false,2.8611889844888676,0.11053822934627533
CSC026866345,CC1CN(C(=O)c2cc3c(F)cccc3s2)CCO1,4,false,2.660051047295305,0.10894925147294998
CSC026866568,CC1CN(C(=O)c2cc3ccccc3s2)CCO1,4,false,2.973411947954917,0.07746995240449905
CSC026868280,O=C(CN1CCN(C(=O)c2cc3ccccc3s2)CC1)N1CCCC1,4,false,2.670068733792218,0.05532439425587654
CSC026898121,O=C(c1cc2ccccc2s1)N1CCN(Cc2cccc(Cl)c2)CC1,4,false,2.975267243472915,0.060719557106494904
CSC026903583,Cn1cnnc1C1CCN(C(=O)c2cc3ccccc3s2)CC1,4,false,-0.4869980362248089,0.1235443651676178
CSC026907877,Cc1ccccc1CN1CCN(C(=O)c2cc3ccccc3s2)CC1,4,false,2.7475215320782174,0.06619489938020706
CSC026922611,O=C(c1cc2ccccc2s1)N1CCN(C2CC2)CC1,4,false,-0.9610701930159476,0.05668381601572037
CSC026966465,O=C(c1cc2ccccc2s1)N1CCCN(c2nccs2)CC1,4,false,0.38871717791333554,0.0773131251335144
CSC027030125,O=C(c1cc2ccccc2s1)N1CCN(C2CCS(=O)(=O)C2)CC1,4,false,2.7477514871599427,0.0819552093744278
CSC027151389,O=C(c1cc2ccccc2s1)N1CCC2(CC1)OCCO2,4,false,2.9583736135152074,0.06419133394956589
CSC027181936,CCc1nnc2n1CCN(C(=O)c1cc3ccccc3s1)C2,4,false,2.799120261913655,0.33628714084625244
CSC027185733,Cc1nnc2n1CCN(C(=O)c1cc3ccccc3s1)C2,4,false,2.3329442036050847,0.32097312808036804
CSC027222896,O=C(c1cc2ccccc2s1)N1CCN(C2CCCC2O)CC1,4,false,0.3902478280274429,0.06165420636534691
CSC027282453,CC(NCC#N)c1ccc(-c2ccncc2)cc1,2,false,2.5418063493530396,0.09263099730014801
CSC027341828,O=C(c1sc2cccc(F)c2c1COc1ccccc1)N1CCOCC1,4,false,0.26960309406137617,0.30623388290405273
CSC027355654,CCN(C)C(=O)NC(C)c1ccc(-c2ccncc2)cc1,2,false,2.898616486085749,0.057114988565444946
CSC027395181,CC1(C(=O)O)CCN(C(=O)c2cc3ccccc3s2)C1,4,false,2.6083085388825795,0.0560796819627285
CSC027465278,Cc1nc(C2CN(C(=O)c3cc4ccccc4s3)CCO2)no1,4,false,1.7986115725046552,0.2326473444700241
CSC027531052,O=C(c1cc2ccccc2s1)N1CCOCC2(CCOCC2)C1,4,false,2.8804725021487525,0.0626550167798996
CSC027541174,O=C(c1cc2ccccc2s1)N1CCN(S(=O)(=O)c2nnc[nH]2)CC1,4,false,-0.3293106967430251,0.18827687203884125
CSC027567290,Cc1ccc2sc(C(=O)N3CCOCC3c3nnc(C(C)C)o3)cc2c1,4,false,2.931300358985278,0.26839110255241394
CSC027575170,CC(NC(=O)NCCc1ccnn1C)c1ccc(-c2ccncc2)cc1,2,false,2.4982967677583687,0.39852097630500793
CSC027612047,CC(NC(=O)CSc1nccn1C)c1ccc(-c2ccncc2)cc1,2,false,2.6801563894714984,0.1870298981666565
CSC027615804,CC(C)NC(=O)NC(C)c1ccc(-c2ccncc2)cc1,2,false,-0.6318471506926885,0.12968680262565613
CSC027618409,Cn1cc(N2CCN(C(=O)c3cc4ccccc4s3)CC2)cn1,4,false,2.70950515624251,0.07426121085882187
CSC027618420,CC(NC(=O)C1CCN(c2cnccn2)CC1)c1ccc(-c2ccncc2)cc1,2,false,2.3049765505525537,0.09406501799821854
CSC027619059,CC(NC(=O)N(CCO)C1CC1)c1ccc(-c2ccncc2)cc1,2,false,2.6232116116925526,0.09716644138097763
CSC027619078,CC(NC(=O)NCC(C)(C)O)c1ccc(-c2ccncc2)cc1,2,false,2.4071010799467434,0.08426903933286667
CSC027659709,Cc1c(C(=O)N2CCOC(C(=O)O)C2)sc2ccc(F)cc12,4,false,-0.16569557094966333,0.13013479113578796
CSC027661285,Cc1c(C(=O)N2CCOCC2C(=O)O)sc2ccccc12,4,false,2.6151452454150186,0.21567197144031525
CSC027661759,O=C(O)C1COCCN1C(=O)c1cc2ccccc2s1,4,false,2.6567434015617573,0.19609911739826202
CSC027663852,Cc1c(C(=O)N2CCOC(CC(=O)O)C2)sc2ccccc12,4,false,0.814207842780483,0.1390015035867691
CSC027665728,Cc1ccc2sc(C(=O)N3CCOCC3c3cccn3C)cc2c1,4,false,2.826296235846108,0.2594746947288513
CSC027674059,O=C(c1cc2ccccc2s1)N1CCC(Nc2nccs2)CC1,4,false,2.617078178686587,0.04758969694375992
CSC027732631,COCc1c(C(=O)N2CC(C)OCC2C)sc2ccccc12,4,false,2.65729557405355,0.22440387308597565
CSC027751277,CC(=O)NCC1CCN(C(=O)c2cc3ccccc3s2)CC1,4,false,-1.0464964561176364,0.06683021038770676
CSC027753125,O=C(c1cc2c(s1)-c1ccccc1OC2)N1CCOCC1,4,false,2.677289742377295,0.2561705410480499
CSC027785401,Cn1cc(C2(C)CN(C(=O)c3cc4ccccc4s3)CCO2)cn1,4,false,-0.4397653369543304,0.17741438746452332
CSC027824530,Cc1c(C(=O)N2CCOCC2)sc2ccc(F)cc12,4,false,2.24109309704601,0.08187093585729599
CSC027828492,O=C(c1cc2ccccc2s1)N1CCCCC1c1ncon1,4,false,2.7215145724396534,0.23628929257392883
CSC028124968,CC(NC(=O)C(C)(C)C#N)c1ccc(-c2ccncc2)cc1,2,false,2.4215252370191496,0.07736562937498093
CSC030045833,NS(=O)(=O)C1CCN(C(=O)c2cc3ccccc3s2)C1,4,false,2.6631607811079334,0.11585566401481628
CSC057765040,CC(C)[C@H](N)C(=O)NC1CCN(c2ccccc2Cl)C1=O,5,false,2.339773872135576,0.03385303169488907
CSC058763792,O=C(N[C@H]1C[C@@H](O)C1)C1CC(=O)N(c2ccccc2Cl)C1,0,false,2.3454754239012,0.06338496506214142
CSC058941942,Cc1nnc(C2COCCN2C(=O)c2cc3ccccc3s2)o1,4,false,2.6632179030718977,0.2747153043746948
CSC067257834,O=C(Nc1cccnc1O)C1CC(=O)N(c2ccccc2Cl)C1,0,false,2.8650384442034236,0.11306914687156677
CSC083125584,Cc1cc(N2CCC(Nc3ccc(C)c(C(N)=O)c3)C2=O)n(C)n1,5,false,2.4916838056070274,0.20256541669368744
CSC097045727,Cc1cc(C(=O)NC2CCCN(c3ccccc3Cl)C2=O)ncc1C(N)=O,5,false,2.789870084182605,0.05946347117424011
CSC102892928,CCS(=O)(=O)N1CCN(C(=O)c2cc3ccccc3s2)CC1,4,false,2.540184531647001,0.10198686271905899
CSC103954470,COC1CCN(C(=O)c2cc3ccccc3s2)CC1,4,false,2.533163269896877,0.0466744564473629
CSC106192597,CN1CCC(N(C)C(=O)c2ccc(=O)n(Cc3ccccc3Cl)c2)CC1,0,false,2.8242928102257663,0.16361652314662933
CSC133034860,CC1CN(C(=O)c2cc3ccccc3s2)CC(C)O1,4,false,2.6856949925037528,0.07746995240449905
CSC133055435,CNC(=O)C1CN(C(=O)c2cc3cc(C)ccc3s2)CCO1,4,false,1.4060246854352574,0.11390963196754456
CSC133150101,O=C(c1cc2ccccc2s1)N1C[C@@]2(CO)C[C@@]2(CO)C1,4,false,2.821952697238313,0.07355495542287827
CSC138464531,Cc1nnc(C2CN(C(=O)c3sc4ccccc4c3C)CCO2)o1,4,false,-0.45694788491053906,0.26576492190361023
CSC138552571,CC(NCCC(=O)O)c1ccc(-c2ccncc2)cc1,2,false,2.701020487796611,0.06655663996934891
CSSS00026264922,Cc1ccc(N2CC(C(=O)N3CCCN(C)CC3)CC2=O)cc1,0,false,-0.6209193295266227,0.08818170428276062
CSSS00027380692,NC(=O)c1cc(NC2CCN(c3ccccc3F)C2=O)ccc1Cl,5,false,1.855048435566541,0.16613957285881042
CSSS00027403153,O=C1C(Nc2ccc3oc(=O)[nH]c3c2)CCN1c1ccccc1Cl,5,false,-0.24095924198252394,0.08599431067705154
CSSS00027692262,O=C(O)C1CN(C(=O)c2cc(Cl)ccc2F)c2ccccc21,0,false,-0.11414489940812889,0.23501931130886078
CSSS00027692525,O=C(O)C1CN(C(=O)c2cc(Br)ccc2F)c2ccccc21,0,false,2.2242896516709885,0.25975412130355835
CSSS00105258832,COc1ccccc1N1CCC(Nc2ccc3c(c2)CC(=O)N3)C1=O,5,false,2.223277450939865,0.07048328220844269
CSSS00106254874,O=C1Cc2cc(NC3CCN(c4ccccc4C(F)(F)F)C3=O)ccc2N1,5,false,2.6312803752971634,0.12065406143665314
CSSS00116250816,O=C(NCc1nccc2ccccc12)C1CC(=O)N(c2ccccc2Cl)C1,0,false,-0.1597404341189702,0.11965455859899521
CSSS00160446616,O=C(C1CC(=O)N(c2ccccc2)C1)N1CCN(C2CC2)C(=O)C1,0,false,-1.0888394829292474,0.10558120906352997
UNC-ZDG-148-2,O=C(Nc1ccc(F)c(O)c1)C1CC(=O)N(c2ccc(Cl)cc2)C1,0,false,2.018685183058537,0.1737671047449112
UNC-ZDG-150-1,Cn1cc(S(=O)(=O)N[C@@H]2CCN(c3ccccc3)C2=O)cn1,5,true,5.991845316378096,0.04536096379160881
UNC-ZDG-150-3,O=C1[C@H](NS(=O)(=O)c2ccc(C(F)(F)F)cc2)CCN1c1ccccc1,5,false,-0.6335638494607426,0.04208097979426384
UNC-ZDG-150-6,O=C1[C@H](NS(=O)(=O)N2CCOCC2)CCN1c1ccccc1,5,false,2.810613251787662,0.05161937326192856
UNC-ZDG-167-1,Brc1cnc2nc(Nc3ccc(Oc4ncccn4)cc3)[nH]c2c1,1,true,5.061751188302091,0.28095003962516785
UNC-ZDG-182-2,COC(=O)c1ccc(Nc2ncnc3cc(OC)c(OC)cc23)cc1,1,true,5.29159695265792,0.24234238266944885
UNC-ZDG-183-2,COCCOc1cc2ncnc(Nc3ccc(C(=O)OC)cc3)c2cc1OCCOC,1,true,5.504495193388115,0.22750943899154663
UNC-ZDG-190,CC(=O)Nc1ccc(Oc2ncncc2N)cc1,1,false,2.0333395763765902,0.13045631349086761
UNC-ZDG-293-1,Fc1cnc2nc(Nc3ccc(Oc4ncccn4)cc3)[nH]c2c1,1,true,5.214444370531469,0.35748371481895447
UNC-ZDG-293-2,Clc1c(Br)cnc2nc(Nc3ccc(Oc4ncccn4)cc3)[nH]c12,1,true,6.529314330820379,0.24678218364715576
UNC-ZDG-293-3,Clc1cnc2nc(Nc3ccc(Oc4ncccn4)cc3)[nH]c2c1,1,true,5.018534393601503,0.226594939827919
UNC-ZDG-294-1,Fc1cc(Br)cc2[nH]c(Nc3ccc(Oc4ncccn4)cc3)nc12,1,false,-0.04296048474934382,0.545467734336853
UNC-ZDG-294-3,Cn1c(Nc2ccc(Oc3ncccn3)cc2)nc2cc(Br)cnc21,1,true,5.2663959223028085,0.2679210305213928
UNC-ZDG-436-A,CCN(CC)S(=O)(=O)c1cc(Nc2nc(N3CCOCC3)nc3cc(OC)c(N)cc23)ccc1Cl,1,true,5.943425687419089,0.16725823283195496
UNC-ZDG-438-A,CCN(CC)S(=O)(=O)c1cc(Nc2nc(N3CNC(=O)C3)nc3cc(OC)c(N)cc23)ccc1Cl,1,false,-0.9409645473190792,0.17139819264411926
UNC-ZDG-81-1,O=C(NCCc1ccc(O)cc1)c1ccc(=O)n(Cc2ccccc2Cl)c1,0,false,2.3891689666196134,0.17649562656879425
UNC-ZDG-81-10,CC(C)(C)OC(=O)NCCN1CCN(C(=O)C2CC(=O)N(c3ccccc3)C2)CC1.O=C(O)OC(F)(F)F,0,false,2.8437467189078833,0.13925807178020477
UNC-ZDG-81-11,CC(C)(C)OC(=O)NCCN1CCN(C(=O)C2CC(=O)N(C3CCCCC3)C2)CC1.O=C(O)OC(F)(F)F,0,false,2.1097532367212604,0.1308945119380951
UNC-ZDG-81-2,CC(C)(C)OC(=O)NCCN1CCN(C(=O)C2CC(=O)N(c3ccc(F)cc3)C2)CC1.O=C(O)OC(F)(F)F,0,false,2.2079339585462168,0.15689903497695923
UNC-ZDG-81-3,CC(C)(C)OC(=O)NCCN1CCN(C(=O)C2CC(=O)N(Cc3ccccc3)C2)CC1.O=C(O)OC(F)(F)F,0,false,2.4576589984101087,0.12542226910591125
UNC-ZDG-81-5,CC(C)(C)OC(=O)NCCN1CCN(C(=O)C2CC(=O)N(c3ccc(Cl)cc3)C2)CC1.O=C(O)OC(F)(F)F,0,false,2.704939910304006,0.12507084012031555
UNC-ZDG-81-6,Cc1cccc(N2CC(C(=O)N3CCN(CCNC(=O)OC(C)(C)C)CC3)CC2=O)c1.O=C(O)OC(F)(F)F,0,false,2.6561268267080727,0.14299854636192322
UNC-ZDG-81-7,CC(C)(C)OC(=O)NCCN1CCN(C(=O)C2CC(=O)N(c3cccc(Cl)c3)C2)CC1.O=C(O)OC(F)(F)F,0,false,2.685572709135243,0.11169498413801193
UNC-ZDG-81-8,Cc1ccccc1N1CC(C(=O)N2CCN(CCNC(=O)OC(C)(C)C)CC2)CC1=O.O=C(O)OC(F)(F)F,0,false,2.119254439957681,0.1451421082019806
UNC-ZDG-81-9,CC(C)(C)OC(=O)NCCN1CCN(C(=O)C2CC(=O)N(c3ccccc3Cl)C2)CC1.O=C(O)OC(F)(F)F,0,false,2.2463453231450545,0.10066922754049301
UNC-ZDG-82-9,COc1ccc(NC(=O)C2CC(=O)N(c3ccccc3F)C2)cc1O,0,false,2.994260809767495,0.17401136457920074
UNC-ZDG-83-10,NCCN1CCN(C(=O)C2CC(=O)N(c3ccccc3)C2)CC1.O=C(O)C(F)(F)F,0,false,2.1662590093075287,0.11542648822069168
UNC-ZDG-83-6,Cc1cccc(N2CC(C(=O)N3CCN(CCN)CC3)CC2=O)c1.O=C(O)C(F)(F)F,0,false,2.3591757400990714,0.12175487726926804
UNC-ZDG-83-7,NCCN1CCN(C(=O)C2CC(=O)N(c3cccc(Cl)c3)C2)CC1.O=C(O)C(F)(F)F,0,false,2.7728979542515075,0.11840398609638214
UNC-ZDG-84-1,O=C1CC(C(=O)N2C(=O)OCC2Cc2ccccc2)CN1c1ccccc1,0,false,2.78844018805066,0.09154962003231049
UNC-ZDG-86-1,CN1CCN(C(=O)C2CC(=O)N(c3cccc(F)c3)C2)CC1.O=C(O)C(F)(F)F,0,false,2.2692006522703343,0.10862410068511963
UNC-ZDG-86-2,CN1CCN(C(=O)C2CC(=O)N(c3ccc(F)cc3)C2)CC1.O=C(O)C(F)(F)F,0,false,2.2896228748705685,0.12932100892066956
UNC-ZDG-86-3,CN1CCN(C(=O)C2CC(=O)N(Cc3ccccc3)C2)CC1.O=C(O)C(F)(F)F,0,false,2.2321205805591595,0.11300155520439148
UNC-ZDG-86-4,Cc1ccc(N2CC(C(=O)N3CCN(C)CC3)CC2=O)cc1.O=C(O)C(F)(F)F,0,false,2.9785522619217444,0.12849290668964386
UNC-ZDG-86-6,Cc1cccc(N2CC(C(=O)N3CCN(C)CC3)CC2=O)c1.O=C(O)C(F)(F)F,0,false,2.290446675796727,0.10646364837884903
UNC-ZDG-86-7,Cc1ccccc1N1CC(C(=O)N2CCN(C)CC2)CC1=O.O=C(O)C(F)(F)F,0,false,2.3370697753818863,0.09911040216684341
UNC-ZDG-86-9,CN1CCN(C(=O)C2CC(=O)N(C3CCCCC3)C2)CC1.O=C(O)C(F)(F)F,0,false,2.1054598208783655,0.12675407528877258
UNC-ZDG-87-2,CN1CCC(NC(=O)C2CC(=O)N(c3cccc(F)c3)C2)CC1.O=C(O)C(F)(F)F,0,false,2.4643162977393622,0.10062059015035629
UNC-ZDG-87-3,CN1CCC(NC(=O)C2CC(=O)N(c3ccc(F)cc3)C2)CC1.O=C(O)C(F)(F)F,0,false,2.254677378290365,0.12265194207429886
UNC-ZDG-87-4,Cc1ccc(N2CC(C(=O)NC3CCN(C)CC3)CC2=O)cc1.O=C(O)C(F)(F)F,0,false,2.350712218131553,0.13261926174163818
UNC-ZDG-87-5,CN1CCC(NC(=O)C2CC(=O)N(c3ccc(Cl)cc3)C2)CC1.O=C(O)C(F)(F)F,0,false,2.525564641473313,0.14773479104042053
UNC-ZDG-87-6,Cc1cccc(N2CC(C(=O)NC3CCN(C)CC3)CC2=O)c1.O=C(O)C(F)(F)F,0,false,2.94972020857941,0.12500682473182678
UNC-ZDG-87-7,Cc1ccccc1N1CC(C(=O)NC2CCN(C)CC2)CC1=O.O=C(O)C(F)(F)F,0,false,2.213366156536444,0.11745671182870865
UNC-ZDG-87-8,CN1CCC(NC(=O)C2CC(=O)N(c3ccccc3)C2)CC1.O=C(O)C(F)(F)F,0,false,2.815089935326148,0.12543410062789917
Z1020943668,O=C1Nc2ccccc2C1C1CCN(C(=O)C2CC(=O)N(c3ccc4c(c3)OCCO4)C2)CC1,0,true,5.098351281428768,0.1625773310661316
ZDG-049,NCCN1CCN(C(=O)C2CC(=O)N(c3ccccc3F)C2)CC1.O=C(O)C(F)(F)F.O=C(O)C(F)(F)F,0,false,2.933706209795103,0.15067161619663239
