compound_id,canonical_smiles,fold,is_binder
1000062067,COc1cccc(Nc2ccccc2C(=O)N2CC[C@@H](O)[C@@H](O)C2)c1,3,false
1000065718,COc1ccc(C(=O)Nc2ccccc2C(=O)N2CC[C@@H](O)[C@@H](O)C2)cc1,3,false
1167298751,CN(CC1CCCNC1)C(=O)c1ccc(=O)n(Cc2ccccc2Cl)c1,0,false
1181032117,NC(=O)C1CCN1C(=O)NC1CCN(c2ccccc2Cl)C1=O,5,false
1192001018,O=C(c1occc1CN1C(=O)Cc2ccccc21)N1CCC(O)C1,3,false
1390181723,O=C(NCC1(O)CCOc2ccccc21)C1OCCc2ccccc21,3,false
1408803353,COC1CCN(C(=O)c2ccccc2Nc2ccccc2)C1,3,false
1443520257,CC1=NOC(C)(CNC(=O)C2OCCc3ccccc32)C1,3,false
162723460,COC1CCCN(C(=O)c2ccccc2Nc2ccc(C)cc2)C1,3,false
162826242,COC1CCCN(C(=O)c2ccccc2Nc2ccc(OC(F)F)cc2)C1,3,false
173355673,CN(CC1CCCO1)C(=O)c1ccc(=O)n(Cc2ccccc2Cl)c1,0,false
182917741,CS(=O)(=O)NC1CCCN(C(=O)c2occc2CN2C(=O)Cc3ccccc32)C1,3,false
268757722,O=C(Nc1ncccc1O)C1CC(=O)N(c2c(F)cccc2F)C1,0,false
283812978,COC(=O)C1CCN(C(=O)c2ccccc2Nc2ccc(C)cc2)C1,3,false
302181339,CN1CCC(N(C)C(=O)c2ccc(=O)n(Cc3ccccc3Cl)c2)C1=O,0,false
342853879,Cc1ccc(S(C)(=O)=O)cc1C(=O)NC1CCN(c2ccccc2Cl)C1=O,5,false
354012616,Cc1ccc(NC(=O)C(=O)NC2CCN(c3ccccc3Cl)C2=O)cc1,5,false
427095899,Cc1ccc(NC2CCCN(c3ccccc3)C2=O)cc1C(N)=O,5,false
444853644,COc1ccccc1N1CCCC(Nc2ccc(C)c(C(N)=O)c2)C1=O,5,false
543294655,Cc1cc(=O)[nH]cc1C(=O)NC1CCN(c2ccccc2Cl)C1=O,5,false
5620336,Cc1ccc2c(c1)/C(=N\Nc1nnc3c(n1)[nH]c1c(C)cccc13)C(=O)N2,3,true
5623246,Cc1ccc2c(c1)/C(=N/Nc1nnc3c(n1)[nH]c1ccc(C)cc13)C(=O)N2,3,true
588023896,CCN(C)CC1CCN(C(=O)c2ccccc2Nc2ccccc2)C1,3,false
773212998,CC(C)N1CCC(N(C)C(=O)c2ccc(=O)n(Cc3ccccc3Cl)c2)C1,0,false
786232788,CN(C)C(=O)C1CCN(C(=O)c2ccccc2Nc2ccccc2)C1,3,false
800658450,COc1cccc(Nc2ccccc2C(=O)N2CCC(NC(C)=O)C2)c1,3,false
800658988,CC(=O)NC1CCN(C(=O)c2ccccc2Nc2ccccc2)C1,3,false
918730255,CNC(=O)CC1(CNC(=O)C2OCCc3ccccc32)CCCCC1,3,false
9211771,Cc1ccc(C2CC(=O)Nc3c2c(C)nn3-c2ccc(N3CCOCC3)nn2)cc1C,3,true
97315646,CCN(CC(=O)N(C)C)C(=O)c1ccc(=O)n(Cc2ccccc2Cl)c1,0,false
CF-10-034,COc1cc2nc(C(=O)O)nc(Nc3ccc(-c4ncccn4)cc3)c2cc1OC,1,false
CF-10-045,COc1cc2nc(N3CCN(C(C)=O)CC3)nc(Nc3ccc(-c4ncccn4)cc3)c2cc1OC,1,true
CF-10-050,COc1cc2nc(N3CCC(C(=O)O)CC3)nc(Nc3ccc(-c4ncccn4)cc3)c2cc1OC,1,true
CF-10-051,COc1cc2nc(N(C)CCO)nc(Nc3ccc(-c4ncccn4)cc3)c2cc1OC,1,false
CF-10-061,COc1cc2nc(NCc3ccccc3)nc(Nc3ccc(-c4ncccn4)cc3)c2cc1OC,1,true
CF-10-063,COc1cc2nc(NCCO)nc(Nc3ccc(-c4ncccn4)cc3)c2cc1OC,1,true
CF-10-065,COc1cc2nc(NCC(=O)O)nc(Nc3ccc(-c4ncccn4)cc3)c2cc1OC,1,false
CF-10-066,CNC(=O)CNc1nc(Nc2ccc(-c3ncccn3)cc2)c2cc(OC)c(OC)cc2n1,1,false
CF-10-071,COc1cc2nc(OCCO)nc(Nc3ccc(-c4ncccn4)cc3)c2cc1OC.O=CO,1,false
CF-10-073,COc1cc2nc(OCC(=O)O)nc(Nc3ccc(-c4ncccn4)cc3)c2cc1OC,1,true
CF-10-074,CNC(=O)COc1nc(Nc2ccc(-c3ncccn3)cc2)c2cc(OC)c(OC)cc2n1,1,false
CF-10-075,CCOCCNC(=O)COc1nc(Nc2ccc(-c3ncccn3)cc2)c2cc(OC)c(OC)cc2n1,1,false
CF-2-09,COc1ccccc1NC1CCN(c2ccccc2Cl)C1=O,5,false
CF-2-102,CN1CCN(C(=O)c2ccc(N[C@H]3CCN(c4ccccc4F)C3=O)cc2)CC1,5,false
CF-2-103,CN1CCC(CNC(=O)c2ccc(N[C@H]3CCN(c4ccccc4F)C3=O)cc2)CC1,5,false
CF-2-105,O=C(Nc1ccccc1)c1ccc(N[C@H]2CCN(c3ccccc3F)C2=O)cc1,5,false
CF-2-106,CN(C)CCNC(=O)c1ccc(N[C@H]2CCN(c3ccccc3Cl)C2=O)cc1,5,false
CF-2-108,CC(=O)N1CCN(C(=O)c2ccc(N[C@H]3CCN(c4ccccc4Cl)C3=O)cc2)CC1,5,false
CF-2-109,CN1CCC(NC(=O)c2ccc(N[C@H]3CCN(c4ccccc4Cl)C3=O)cc2)CC1,5,false
CF-2-111,NCCCNC(=O)c1ccc(N[C@H]2CCN(c3ccccc3Cl)C2=O)cc1,5,false
CF-2-112,CN(CCCNC(=O)OC(C)(C)C)C(=O)c1ccc(N[C@H]2CCN(c3ccccc3Cl)C2=O)cc1,5,false
CF-2-114,CN1CCN(C(=O)c2ccc(N[C@H]3CCN(c4ccccc4Cl)C3=O)cc2)CC1,5,false
CF-2-115,CN1CCC(CNC(=O)c2ccc(N[C@H]3CCN(c4ccccc4Cl)C3=O)cc2)CC1,5,false
CF-2-117,O=C(Nc1ccccc1)c1ccc(N[C@H]2CCN(c3ccccc3Cl)C2=O)cc1,5,false
CF-2-118,CN(C)CCNC(=O)c1cccc(N[C@H]2CCN(c3ccccc3F)C2=O)c1,5,false
CF-2-119,CN(C)CCN(C)C(=O)c1cccc(N[C@H]2CCN(c3ccccc3F)C2=O)c1,5,false
CF-2-120,CC(=O)N1CCN(C(=O)c2cccc(N[C@H]3CCN(c4ccccc4F)C3=O)c2)CC1,5,false
CF-2-121,CN1CCC(NC(=O)c2cccc(N[C@H]3CCN(c4ccccc4F)C3=O)c2)CC1,5,false
CF-2-122,CC(C)(C)OC(=O)NCCCNC(=O)c1cccc(N[C@H]2CCN(c3ccccc3F)C2=O)c1,5,false
CF-2-123,NCCCNC(=O)c1cccc(N[C@H]2CCN(c3ccccc3F)C2=O)c1,5,false
CF-2-126,CN1CCN(C(=O)c2cccc(N[C@H]3CCN(c4ccccc4F)C3=O)c2)CC1,5,false
CF-2-127,CN1CCC(CNC(=O)c2cccc(N[C@H]3CCN(c4ccccc4F)C3=O)c2)CC1,5,false
CF-2-128,O=C(NCc1ccccc1)c1cccc(N[C@H]2CCN(c3ccccc3F)C2=O)c1,5,false
CF-2-130,CN(C)CCNC(=O)c1ccnc(N[C@H]2CCN(c3ccccc3Cl)C2=O)c1,5,false
CF-2-132,CC(=O)N1CCN(C(=O)c2ccnc(N[C@H]3CCN(c4ccccc4Cl)C3=O)c2)CC1,5,false
CF-2-133,CN1CCC(NC(=O)c2ccnc(N[C@H]3CCN(c4ccccc4Cl)C3=O)c2)CC1,5,false
CF-2-134,CC(C)(C)OC(=O)NCCCNC(=O)c1ccnc(N[C@H]2CCN(c3ccccc3Cl)C2=O)c1,5,false
CF-2-135,NCCCNC(=O)c1ccnc(N[C@H]2CCN(c3ccccc3Cl)C2=O)c1,5,false
CF-2-136,CN(CCCNC(=O)OC(C)(C)C)C(=O)c1ccnc(N[C@H]2CCN(c3ccccc3Cl)C2=O)c1,5,false
CF-2-137,CN(CCCN)C(=O)c1ccnc(N[C@H]2CCN(c3ccccc3Cl)C2=O)c1,5,false
CF-2-139,CN1CCC(CNC(=O)c2ccnc(N[C@H]3CCN(c4ccccc4Cl)C3=O)c2)CC1,5,false
CF-2-140,O=C(NCc1ccccc1)c1ccnc(N[C@H]2CCN(c3ccccc3Cl)C2=O)c1,5,false
CF-2-141,O=C(Nc1ccccc1)c1ccnc(N[C@H]2CCN(c3ccccc3Cl)C2=O)c1,5,false
CF-2-142,CN(C)CCNC(=O)c1ccnc(N[C@H]2CCN(c3ccccc3F)C2=O)c1,5,false
CF-2-143,CN(C)CCN(C)C(=O)c1ccnc(N[C@H]2CCN(c3ccccc3F)C2=O)c1,5,false
CF-2-145,CN1CCC(NC(=O)c2ccnc(N[C@H]3CCN(c4ccccc4F)C3=O)c2)CC1,5,false
CF-2-146,CC(C)(C)OC(=O)NCCCNC(=O)c1ccnc(N[C@H]2CCN(c3ccccc3F)C2=O)c1,5,false
CF-2-147,NCCCNC(=O)c1ccnc(N[C@H]2CCN(c3ccccc3F)C2=O)c1,5,false
CF-2-148,CN(CCCNC(=O)OC(C)(C)C)C(=O)c1ccnc(N[C@H]2CCN(c3ccccc3F)C2=O)c1,5,false
CF-2-150,CN1CCN(C(=O)c2ccnc(N[C@H]3CCN(c4ccccc4F)C3=O)c2)CC1,5,false
CF-2-152,O=C(NCc1ccccc1)c1ccnc(N[C@H]2CCN(c3ccccc3F)C2=O)c1,5,false
CF-2-153,O=C(Nc1ccccc1)c1ccnc(N[C@H]2CCN(c3ccccc3F)C2=O)c1,5,false
CF-2-156,CC(=O)N1CCN(C(=O)c2cc(N[C@H]3CCN(c4ccccc4Cl)C3=O)ccc2C)CC1,5,false
CF-2-157,Cc1ccc(N[C@H]2CCN(c3ccccc3Cl)C2=O)cc1C(=O)NC1CCN(C)CC1,5,false
CF-2-160,Cc1ccc(N[C@H]2CCN(c3ccccc3Cl)C2=O)cc1C(=O)N(C)CCCNC(=O)OC(C)(C)C,5,false
CF-2-161,Cc1ccc(N[C@H]2CCN(c3ccccc3Cl)C2=O)cc1C(=O)N(C)CCCN.Cl,5,false
CF-2-162,Cc1ccc(N[C@H]2CCN(c3ccccc3Cl)C2=O)cc1C(=O)N1CCN(C)CC1,5,false
CF-2-163,Cc1ccc(N[C@H]2CCN(c3ccccc3Cl)C2=O)cc1C(=O)NCC1CCN(C)CC1,5,false
CF-2-167,Cc1ccc(N[C@H]2CCN(c3ccccc3F)C2=O)cc1C(=O)N(C)CCN(C)C.O=CO,5,false
CF-2-168,CC(=O)N1CCN(C(=O)c2cc(N[C@H]3CCN(c4ccccc4F)C3=O)ccc2C)CC1,5,false
CF-2-169,Cc1ccc(N[C@H]2CCN(c3ccccc3F)C2=O)cc1C(=O)NC1CCN(C)CC1,5,false
CF-2-170,Cc1ccc(N[C@H]2CCN(c3ccccc3F)C2=O)cc1C(=O)NCCCNC(=O)OC(C)(C)C,5,false
CF-2-178,O=C(CCOCCOCCOCCOCCOc1cccc2c1C(=O)N(C1CCC(=O)NC1=O)C2=O)NCCCNC(=O)c1ccc(N[C@H]2CCN(c3ccccc3F)C2=O)cc1,5,false
CF-2-181,NC(=O)c1cc(N[C@H]2CCN(c3ccccc3)C2=O)ccc1Cl,5,false
CF-2-184,COc1ccc(N2CC[C@H](Nc3ccc(Cl)c(C(N)=O)c3)C2=O)cc1,5,false
CF-2-192,CCc1ccc(N2CC[C@H](Nc3ccc(Cl)c(C(N)=O)c3)C2=O)cc1,5,true
CF-2-194,Cc1ccc(N2CC[C@H](Nc3ccc(Cl)c(C(=O)NCCC(F)(F)F)c3)C2=O)cc1,5,false
CF-2-195,Cc1ccc(N2CC[C@H](Nc3ccc(Cl)c(C(=O)NCCc4c[nH]c5ccccc45)c3)C2=O)cc1,5,false
CF-2-197,Cc1ccc(N2CC[C@H](Nc3ccc(Cl)c(C(=O)N4CCN(C)CC4)c3)C2=O)cc1,5,false
CF-2-199,Cc1ccc(N2CC[C@H](Nc3ccc(Cl)c(C(=O)N4CCOCC4)c3)C2=O)cc1,5,false
CF-2-200,Cc1ccc(N2CC[C@H](Nc3ccc(Cl)c(C(=O)NC4CCN(C)CC4)c3)C2=O)cc1,5,false
CF-2-201,CC(=O)N1CCC(NC(=O)c2cc(N[C@H]3CCN(c4ccc(C)cc4)C3=O)ccc2Cl)CC1,5,false
CF-2-205,Cc1ccc(N2CC[C@H](Nc3ccc(Cl)c(C(=O)NCc4c[nH]cn4)c3)C2=O)cc1,5,true
CF-2-206,Cc1ccc(N2CC[C@H](Nc3ccc(Cl)c(C(=O)NCc4cocn4)c3)C2=O)cc1,5,false
CF-2-207,Cc1ccc(N2CC[C@H](Nc3ccc(Cl)c(C(=O)NCCNC(=O)OC(C)(C)C)c3)C2=O)cc1,5,false
CF-2-209,Cc1ccc(N2CC[C@H](Nc3ccc(Cl)c(C(=O)NCCCNC(=O)OC(C)(C)C)c3)C2=O)cc1,5,false
CF-2-211,COC(=O)CCNC(=O)c1cc(N[C@H]2CCN(c3ccc(C)cc3)C2=O)ccc1Cl,5,false
CF-2-212,Cc1ccc(N2CC[C@H](Nc3ccc(Cl)c(C(=O)NCCC(=O)O)c3)C2=O)cc1,5,false
CF-2-213,COC(=O)C1CCN(C(=O)c2cc(N[C@H]3CCN(c4ccc(C)cc4)C3=O)ccc2Cl)CC1,5,false
CF-2-214,Cc1ccc(N2CC[C@H](Nc3ccc(Cl)c(C(=O)N4CCC(C(=O)O)CC4)c3)C2=O)cc1,5,false
CF-2-216,Cc1ccc(N2CC[C@H](Nc3ccc(Cl)c(C(=O)N(C)CC(=O)O)c3)C2=O)cc1,5,false
CF-2-217-Int-12,NCCCNC(=O)c1ccc(NC2CCN(c3ccccc3F)C2=O)cc1,5,false
CF-2-218,O=C(NCCCNC(=O)C1CC1)c1ccc(N[C@H]2CCN(c3ccccc3F)C2=O)cc1,5,true
CF-2-219,CCNC(=O)NCCCNC(=O)c1ccc(N[C@H]2CCN(c3ccccc3F)C2=O)cc1,5,false
CF-2-220,O=C(NCCCNC(=O)c1ccc(N[C@H]2CCN(c3ccccc3F)C2=O)cc1)O[C@@H]1CCOC1,5,false
CF-2-221,O=C(NCCCNC(=O)c1ccc(N[C@H]2CCN(c3ccccc3F)C2=O)cc1)O[C@H]1CCOC1,5,false
CF-2-223,Cn1cnc(C(=O)NCCCNC(=O)c2ccc(N[C@H]3CCN(c4ccccc4F)C3=O)cc2)c1,5,false
CF-2-224,O=C(NCCCNc1ncc(F)cn1)c1ccc(N[C@H]2CCN(c3ccccc3F)C2=O)cc1,5,true
CF-2-229,CC(C)(C)OC(=O)NCCCNC(=O)c1ccc(N[C@H]2CCN(c3ccc(Cl)cc3)C2=O)cc1,5,false
CF-2-230,Cc1ccc(N2CC[C@H](Nc3ccc(C(=O)NCCCNC(=O)OC(C)(C)C)cc3)C2=O)cc1,5,false
CF-2-232,CC(C)(C)OC(=O)NCCCNC(=O)c1ccc(N[C@H]2CCN(c3ccc(Cl)c(Cl)c3)C2=O)cc1,5,false
CF-2-235,CC(C)(C)OC(=O)NCCCNC(=O)c1ccc(N[C@H]2CCN(c3cc(F)ccc3F)C2=O)cc1,5,false
CF-2-239,CC(C)(CNC(=O)OC(C)(C)C)CNC(=O)c1ccc(N[C@H]2CCN(c3ccccc3F)C2=O)cc1,5,false
CF-2-241,CC(C)(C)OC(=O)N1CCC(CNC(=O)c2ccc(N[C@H]3CCN(c4ccccc4F)C3=O)cc2)CC1,5,false
CF-2-243,CC(C)(C)OC(=O)NC1CCN(C(=O)c2ccc(N[C@H]3CCN(c4ccccc4F)C3=O)cc2)CC1,5,false
CF-2-244,CC(C)(C)OC(=O)N1CC[C@H](CNC(=O)c2ccc(N[C@H]3CCN(c4ccccc4F)C3=O)cc2)C1,5,false
CF-2-247,COc1cc(N[C@H]2CCN(c3ccccc3F)C2=O)ccc1C(=O)NCCCNC(=O)OC(C)(C)C,5,false
CF-2-250,COc1cc(C(=O)NCCCNC(=O)OC(C)(C)C)ccc1N[C@H]1CCN(c2ccccc2F)C1=O,5,false
CF-2-253,Cc1ccc(N2CC[C@H](NS(=O)(=O)N3CCC(C)CC3)C2=O)cc1,5,false
CF-2-255,CC1CCN(S(=O)(=O)N[C@H]2CCN(c3ccccc3Cl)C2=O)CC1,5,false
CF-2-257,CC1CCN(S(=O)(=O)N[C@H]2CCN(c3ccc(C4CC4)cc3)C2=O)CC1,5,false
CF-2-259,CC1CCN(S(=O)(=O)N[C@H]2CCN(c3ccc(F)cc3F)C2=O)CC1,5,false
CF-2-26,O=C(NC1CCN(c2c(F)cccc2F)C1=O)c1ccccc1,5,false
CF-2-260,CC1CCN(S(=O)(=O)N[C@H]2CCN(c3ccc(F)c(F)c3)C2=O)CC1,5,false
CF-2-261,CC1CCN(S(=O)(=O)N[C@H]2CCN(c3cccc(Cl)c3)C2=O)CC1,5,false
CF-2-262,CC(=O)N1CCN(S(=O)(=O)N[C@H]2CCN(c3ccccc3)C2=O)CC1,5,false
CF-2-263,CC(=O)N1CCN(S(=O)(=O)N[C@H]2CCN(c3ccc(C)cc3)C2=O)CC1,5,false
CF-2-264,CC(=O)N1CCN(S(=O)(=O)N[C@H]2CCN(c3ccc(Cl)cc3)C2=O)CC1,5,false
CF-2-267,CC(=O)Nc1ccc(C(NC(=O)Cc2ccccc2Cl)c2ccccc2F)cc1,1,false
CF-2-268,CC(=O)N1CCN(S(=O)(=O)N[C@H]2CCN(c3ccc(F)cc3F)C2=O)CC1,5,false
CF-2-269,COc1cccc(N2CC[C@H](NS(=O)(=O)N3CCN(C(C)=O)CC3)C2=O)c1,5,false
CF-2-270,CC(=O)N1CCN(S(=O)(=O)N[C@H]2CCN(c3cccc(Cl)c3)C2=O)CC1,5,false
CF-2-271,CC(=O)N1CCN(S(=O)(=O)N[C@H]2CCN(c3ccccc3Cl)C2=O)CC1,5,false
CF-2-272,CN1CCN(C(=O)[C@@H]2CC(=O)N(c3ccccc3)C2)CC1,0,false
CF-2-273,CN1CCN(C(=O)[C@H]2CC(=O)N(c3ccccc3)C2)CC1,0,false
CF-2-276,COc1cccc(N2C[C@H](C(=O)N3CCN(C)CC3)CC2=O)c1,0,false
CF-2-277,COc1cccc(N2C[C@@H](C(=O)N3CCN(C)CC3)CC2=O)c1,0,false
CF-2-282,CN1CCN(C(=O)[C@@H]2CC(=O)N(c3cccc(Cl)c3)C2)CC1,0,false
CF-2-283,CN1CCN(C(=O)[C@H]2CC(=O)N(c3cccc(Cl)c3)C2)CC1,0,false
CF-2-29,O=C(Cc1ccccc1Cl)NC1CCN(c2c(F)cccc2F)C1=O,5,false
CF-2-30,O=C(CCc1ccccc1)NC1CCN(c2c(F)cccc2F)C1=O,5,false
CF-2-32,O=C(COc1ccccc1)NC1CCN(c2c(F)cccc2F)C1=O,5,false
CF-2-50,CC(C)(C)OC(=O)NCCCNC(=O)C1CC(=O)N(c2ccccc2)C1,0,false
CF-2-54,CN(CCCNC(=O)OC(C)(C)C)C(=O)C1CC(=O)N(c2ccccc2)C1,0,false
CF-2-57,O=C(NCc1ccccc1)C1CC(=O)N(c2ccccc2)C1,0,false
CF-2-58,O=C(Nc1ccccc1)C1CC(=O)N(c2ccccc2)C1,0,false
CF-2-60,CN(C)CCNC(=O)C1CC(=O)N(c2ccccc2F)C1.O=CO,0,false
CF-2-61,CC(C)(C)OC(=O)NCCCNC(=O)C1CC(=O)N(c2ccccc2F)C1,0,false
CF-2-62,CN1CCC(NC(=O)C2CC(=O)N(c3ccccc3F)C2)CC1.O=CO,0,false
CF-2-63,CN(C)CCN(C)C(=O)C1CC(=O)N(c2ccccc2)C1.O=CO,0,false
CF-2-64,CN(C)CCN(C)C(=O)C1CC(=O)N(c2ccccc2F)C1,0,false
CF-2-65,CN(CCCNC(=O)OC(C)(C)C)C(=O)C1CC(=O)N(c2ccccc2F)C1,0,false
CF-2-68,O=C(NCc1ccccc1)C1CC(=O)N(c2ccccc2F)C1,0,false
CF-2-72,CC(C)(C)OC(=O)NCCCNC(=O)C1CC(=O)N(c2ccccc2Cl)C1,0,false
CF-2-74,CN1CCC(CNC(=O)C2CC(=O)N(c3ccccc3Cl)C2)CC1,0,false
CF-2-75,CN(C)CCN(C)C(=O)C1CC(=O)N(c2ccccc2Cl)C1,0,false
CF-2-76,CN(CCCNC(=O)OC(C)(C)C)C(=O)C1CC(=O)N(c2ccccc2Cl)C1,0,false
CF-2-79,O=C(NCc1ccccc1)C1CC(=O)N(c2ccccc2Cl)C1,0,false
CF-2-80,O=C(Nc1ccccc1)C1CC(=O)N(c2ccccc2Cl)C1,0,false
CF-2-81,O=C(C1CC(=O)N(c2ccccc2Cl)C1)N1CCOCC1,0,false
CF-2-83,CN(C)CCN(C)C(=O)c1cccc(N[C@H]2CCN(c3ccccc3Cl)C2=O)c1,5,false
CF-2-84,CC(=O)N1CCN(C(=O)c2cccc(N[C@H]3CCN(c4ccccc4Cl)C3=O)c2)CC1,5,false
CF-2-95,CN(C)CCN(C)C(=O)c1ccc(N[C@H]2CCN(c3ccccc3F)C2=O)cc1,5,false
CF-2-96,CC(=O)N1CCN(C(=O)c2ccc(N[C@H]3CCN(c4ccccc4F)C3=O)cc2)CC1,5,false
CF-3-08,COc1ccc(C)cc1NC(=O)[C@H](N)Cc1ccccc1,2,false
CF-3-101,Cc1ccc(OCc2ccccc2)c(NC(=O)[C@H]2CCCN2)c1,2,false
CF-3-112,Cc1ccc(OC(F)F)c(NC(=O)CCNC(=O)OC(C)(C)C)c1,2,true
CF-3-113,Cc1ccc(OC(F)F)c(NC(=O)CCN)c1,2,false
CF-3-117,Cc1ccc(Oc2ccccc2)c(NC(=O)CCN)c1,2,false
CF-3-118,Cc1ccc(OCc2ccccc2)c(NC(=O)CCNC(=O)OC(C)(C)C)c1,2,false
CF-3-12,COc1ccc(C)cc1NC(=O)[C@H](N)Cc1ccc(O)cc1,2,false
CF-3-123,COc1ccc(Cl)cc1NC(=O)[C@@H](N)Cc1ccc(O)cc1,2,false
CF-3-124,COc1ccc(C(F)(F)F)cc1NC(=O)[C@H](Cc1ccc(O)cc1)NC(=O)OC(C)(C)C,2,false
CF-3-127,COc1ccc(C#N)cc1NC(=O)[C@H](Cc1ccc(O)cc1)NC(=O)OC(C)(C)C,2,false
CF-3-132,Cc1ccc(OCCN(C)C)c(NC(=O)[C@H](Cc2ccc(O)cc2)NC(=O)OC(C)(C)C)c1,2,false
CF-3-133,Cc1ccc(OCCN(C)C)c(NC(=O)[C@@H](N)Cc2ccc(O)cc2)c1,2,false
CF-3-143,COc1ccc(C)cc1NC(=O)CN1CCC(c2c[nH]c3ccccc23)CC1,2,false
CF-3-146,COc1ccc(C)cc1NC(=O)CN1CCC(C(N)=O)CC1,2,false
CF-3-148,COc1ccc(C)cc1NC(=O)CN1CCC(N2CCCC2=O)CC1,2,false
CF-3-150,COc1ccc(C)cc1NC(=O)CN1CC[C@@H](N(C)C)C1,2,false
CF-3-151,COc1ccc(C)cc1NC(=O)CN1CC[C@H](N(C)C)C1,2,false
CF-3-154,COc1ccc(C)cc1NC(=O)[C@H]1CCCN1C(=O)c1ccc(O)cc1,2,false
CF-3-159,COc1ccc(C)cc1NC(=O)[C@H]1CCCN1C(=O)CC1CCN(C(=O)OC(C)(C)C)CC1,2,false
CF-3-16,COc1ccc(C)cc1NC(=O)[C@H](N)Cc1cnc[nH]1,2,false
CF-3-161,COc1ccc(C)cc1NC(=O)[C@H]1CCCN1C(=O)OCc1ccccc1,2,false
CF-3-163,COc1ccc(C)cc1NC(=O)[C@H]1CCCN1C(=O)O[C@@H]1CCOC1,2,false
CF-3-164,COc1ccc(C)cc1NC(=O)[C@H]1CCCN1S(=O)(=O)c1ccccc1,2,false
CF-3-169,COc1ccc(C)cc1NC(=O)[C@H]1CCCN1C(=O)NCc1ccccc1,2,false
CF-3-171,CCOC(=O)CNC(=O)N1CCC[C@@H]1C(=O)Nc1cc(C)ccc1OC,2,false
CF-3-174,COc1ccc(C)cc1NC(=O)CCNC(=O)c1ccc(O)cc1,2,false
CF-3-176,COc1ccc(C)cc1NC(=O)CCNC(=O)Cc1ccccc1,2,false
CF-3-177,COc1ccc(C)cc1NC(=O)CCNC(=O)CCNC(=O)OC(C)(C)C,2,false
CF-3-179,COc1ccc(C)cc1NC(=O)CCNC(=O)CC1CCN(C(=O)OC(C)(C)C)CC1,2,false
CF-3-18,COc1ccc(C)cc1NC(=O)CCN,2,false
CF-3-182,COc1ccc(C)cc1NC(=O)CCNC(=O)O[C@@H]1CCOC1,2,false
CF-3-185,COc1ccc(C)cc1NC(=O)CCNS(=O)(=O)Cc1ccccc1,2,false
CF-3-189,COc1ccc(C)cc1NC(=O)CCNC(=O)NCc1ccccc1,2,false
CF-3-190,CCNC(=O)NCCC(=O)Nc1cc(C)ccc1OC,2,false
CF-3-192,COc1ccc(C)cc1NC(=O)[C@H](Cc1ccc(O)cc1)NC(C)=O,2,false
CF-3-193,COc1ccc(C)cc1NC(=O)[C@H](Cc1ccc(O)cc1)NC(=O)c1ccccc1,2,false
CF-3-196,COc1ccc(C)cc1NC(=O)[C@H](Cc1ccc(O)cc1)NC(=O)Nc1ccccc1,2,false
CF-3-197,COc1ccc(C)cc1NC(=O)[C@H](Cc1ccc(O)cc1)NC(=O)Cc1ccccc1,2,false
CF-3-198,COc1ccc(C)cc1NC(=O)[C@H](Cc1ccc(O)cc1)NC(=O)[C@@H]1Cc2ccc(O)cc2CN1,2,false
CF-3-201,C=CCOc1ccc(C[C@H](N)C(=O)Nc2cc(C)ccc2OC)cc1,2,false
CF-3-204,COc1cccc(NC(=O)NCCC(=O)Nc2cc(C)ccc2OC)c1,2,false
CF-3-207,COc1ccc(C)cc1NC(=O)CCNC(=O)Nc1cccc(Cl)c1,2,true
CF-3-210,COc1ccc(C)cc1NC(=O)CCNC(=O)NC1CCN(C(=O)OC(C)(C)C)CC1,2,false
CF-3-211,COc1ccc(C)cc1NC(=O)CCNC(=O)NC1CCNCC1,2,false
CF-3-213,COc1ccc(C)cc1NC(=O)CCNC(=O)NC1CCN(C(C)=O)CC1,2,true
CF-3-214,COc1ccc(C)cc1NC(=O)CCCC(=O)Nc1ccccc1,2,true
CF-3-215,COc1ccc(NC(=O)CCCC(=O)Nc2cc(C)ccc2OC)cc1,2,false
CF-3-219,COc1ccc(CC(=O)NCCC(=O)Nc2cc(C)ccc2OC)cc1,2,false
CF-3-221,COc1ccc(C)cc1NC(=O)CCNC(=O)Cc1ccccc1F,2,false
CF-3-222,COc1ccc(C)cc1NC(=O)CCNc1nc2ccccc2[nH]1,2,true
CF-3-225,COc1ccc(C(F)(F)F)cc1NC(=O)CCNC(=O)Nc1ccccc1,2,false
CF-3-29,COc1ccc(C)cc1NC(=O)C1CCN(C(=O)OC(C)(C)C)CC1,2,false
CF-3-30,COc1ccc(C)cc1NC(=O)C1CCNCC1,2,false
CF-3-36,COc1ccc(C)cc1NC(=O)CNC(=O)Cc1ccccc1,2,false
CF-3-40,COc1ccc(C)cc1NC(=O)CNS(=O)(=O)c1ccccc1,2,false
CF-3-42,COc1ccc(C)cc1NC(=O)Cn1ccnc1,2,false
CF-3-52,COc1ccc(F)cc1NC(=O)CN,2,false
CF-3-55,COc1cc(C)ccc1NC(=O)CN,2,false
CF-3-56,COc1cc(Cl)ccc1NC(=O)CN,2,false
CF-3-58,Cc1ccc(Oc2ccccc2Cl)c(NC(=O)CN)c1,2,false
CF-3-59,Cc1ccc(OCc2ccccc2)c(NC(=O)CN)c1,2,false
CF-3-62,Cc1ccc(OCCNC(=O)OC(C)(C)C)c(NC(=O)CN)c1,2,false
CF-3-65,Cc1ccc(C#Cc2ccc(F)cc2)c(NC(=O)CN)c1,2,false
CF-3-69,Cc1ccc(-c2cn(CC(=O)O)nn2)c(NC(=O)CNC(=O)OC(C)(C)C)c1,2,true
CF-3-83,Cc1ccc(OCc2ccccc2)c(NC(=O)CN2CCC(N(C)C)CC2)c1,2,false
CF-3-92,COc1cc(F)c(F)cc1NC(=O)[C@H]1CCCN1C(=O)OC(C)(C)C,2,false
CF-3-97,Cc1ccc(OCCN(C)C)c(NC(=O)[C@H]2CCCN2)c1,2,false
CF-4-03,Fc1cc(Cl)cnc1NCc1ccncc1,3,false
CF-4-103,O=C(NCc1ccccc1)c1cnc(NCCCO)cn1,3,false
CF-4-104,CC(C)(CO)CNc1cnc(C(=O)NCc2ccccc2)cn1,3,false
CF-4-106,COC(=O)CNc1cnc(C(=O)NCc2ccccc2)cn1,3,false
CF-4-108,C[C@H](Nc1cnc(C(=O)NCc2ccccc2)cn1)C(=O)O,3,false
CF-4-111,O=C(NCc1ccccc1)c1cnc(NCC(F)(F)F)cn1,3,false
CF-4-113,O=C(NCc1ccccc1)c1cnc(NCc2cccnc2)cn1,3,false
CF-4-114,O=C(NCc1ccccc1)c1cnc(NCc2cccc(F)c2)cn1,3,false
CF-4-121,C[C@H](NC(=O)c1cnc(N[C@@H](C)CO)cn1)c1ccccc1,3,false
CF-4-126,COc1ccc(CNC(=O)c2cnc(N[C@@H](C)CO)cn2)cc1,3,false
CF-4-127,COc1cccc(CNC(=O)c2cnc(N[C@@H](C)CO)cn2)c1,3,false
CF-4-128,COc1ccccc1CNC(=O)c1cnc(N[C@@H](C)CO)cn1,3,false
CF-4-135,C[C@@H](CO)Nc1cnc(C(=O)N[C@@H]2CCc3ccccc32)cn1,3,false
CF-4-136,C[C@@H](CO)Nc1cnc(C(=O)N2Cc3ccccc3C2)cn1,3,false
CF-4-137,C[C@@H](CO)Nc1cnc(C(=O)N2CCc3ccccc3C2)cn1,3,false
CF-4-149,O=C(NCc1ccccc1)c1cnc(NCc2cocn2)nc1,3,false
CF-4-153,C[C@@H](Nc1ncc(C(=O)NCc2ccccc2)cn1)C(=O)O,3,false
CF-4-157,O=C(NCc1ccccc1)c1cnc(NCCC(F)(F)F)nc1,3,false
CF-4-159,CN(CC(=O)O)c1ncc(C(=O)NCc2ccccc2)cn1,3,false
CF-4-161,O=C(NCc1ccc(Cl)cc1)c1cnc(NCc2ccccc2)nc1,3,false
CF-4-163,O=C(NCc1ccccc1Cl)c1cnc(NCc2ccccc2)nc1,3,false
CF-4-169,CC(=O)N1CCN(C(=O)c2cnc(NCc3ccccc3)nc2)CC1,3,false
CF-4-176,C.CC(=O)N1CCN(c2ccc3ccc(NCc4cccnc4)nc3c2)CC1,3,false
CF-4-182,Cn1cc(-c2ccc3ccc(NCc4cccnc4)nc3c2)cn1.O=CO,3,false
CF-4-183,c1cncc(CNc2ccc3ccc(-c4cnn(C5CCNCC5)c4)cc3n2)c1,3,false
CF-4-188,C[C@H](Nc1ccc2ccc(Br)cc2n1)c1cccnc1,3,true
CF-4-189,C[C@@H](Nc1ccc2ccc(Br)cc2n1)c1cccnc1,3,false
CF-4-32,C[C@@H](CO)N(C)c1ncc(C(=O)NCc2ccccc2)cn1,3,false
CF-4-33,C[C@@H](CO)N(C)c1ncc(C(=O)N2CCOCC2)cn1,3,false
CF-4-35,C[C@@H](CO)N(C)c1ncc(C(=O)NCC2CCN(C(=O)OC(C)(C)C)CC2)cn1,3,false
CF-4-43,C[C@@H](CO)Nc1cnc(C(=O)N2CCOCC2)cn1,3,false
CF-4-45,C[C@@H](CO)Nc1cnc(C(=O)NCC2CCN(C(=O)OC(C)(C)C)CC2)cn1,3,false
CF-4-46,CNC(=O)c1cnc(N(C)[C@@H](C)CO)cn1,3,false
CF-4-47,C[C@@H](CO)N(C)c1cnc(C(=O)NCc2ccccc2)cn1,3,false
CF-4-48,C[C@@H](CO)N(C)c1cnc(C(=O)N2CCOCC2)cn1,3,false
CF-4-49,C[C@@H](CO)N(C)c1cnc(C(=O)NCCCNC(=O)OC(C)(C)C)cn1,3,false
CF-4-50,C[C@@H](CO)N(C)c1cnc(C(=O)NCC2CCN(C(=O)OC(C)(C)C)CC2)cn1,3,false
CF-4-54,Fc1cc(Br)cnc1NCc1cccnc1,3,false
CF-4-55,Fc1ccc(CCNc2ncc(Br)cc2F)cc1,3,false
CF-4-57,C[C@@H](CO)Nc1ccc2cc(Br)ccc2n1,3,false
CF-4-66,C[C@@H](CO)Nc1cnc(NC(=O)C2CC2)cn1,3,false
CF-4-71,C[C@@H](CO)Nc1cnc(NC(=O)Cc2ccccc2)cn1,3,false
CF-4-72,C[C@@H](CO)Nc1cnc(NC(=O)NCc2ccccc2)cn1,3,false
CF-4-76,CCNC(=O)Nc1cnc(N(C)[C@@H](C)CO)cn1,3,false
CF-4-91,Fc1cc(Cl)cnc1N[C@@H]1CCNC1,3,true
CF-4-93,N[C@@H]1CCN(c2ncc(Cl)cc2F)C1,3,false
CF-5-01,O=C(Nc1ccc(Oc2ncccn2)cc1)C1CC1,1,false
CF-5-04,COC(=O)C(=O)Nc1ccc(Oc2ncccn2)cc1,1,false
CF-5-05,O=C(O)C(=O)Nc1ccc(Oc2ncccn2)cc1,1,false
CF-5-06,CNC(=O)C(=O)Nc1ccc(Oc2ncccn2)cc1,1,false
CF-5-11,CC(C)(C)OC(=O)NCCC(=O)Nc1ccc(Oc2ncccn2)cc1,1,false
CF-5-111,CC(=O)Nc1ccc(-n2c(Nc3ccccc3)nc3ccccc32)cc1,1,false
CF-5-12,CC(C)(C)OC(=O)NCC(=O)Nc1ccc(Oc2ncccn2)cc1,1,false
CF-5-126,COc1cccc(SCC(=O)Nc2ccc(Oc3ncccn3)cc2)c1,1,false
CF-5-128,O=C(CSc1ccccc1Cl)Nc1ccc(Oc2ncccn2)cc1,1,false
CF-5-130,O=C(CSc1ccc(Cl)cc1)Nc1ccc(Oc2ncccn2)cc1,1,false
CF-5-131,CC(=O)Nc1ccc(SCC(=O)Nc2ccc(Oc3ncccn3)cc2)cc1,1,false
CF-5-132,COC(=O)c1ccc(SCC(=O)Nc2ccc(Oc3ncccn3)cc2)cc1,1,true
CF-5-134,CNC(=O)c1ccc(SCC(=O)Nc2ccc(Oc3ncccn3)cc2)cc1,1,false
CF-5-136,O=C(CSC1CCNCC1)Nc1ccc(Oc2ncccn2)cc1,1,false
CF-5-137,CC(=O)N1CCC(SCC(=O)Nc2ccc(Oc3ncccn3)cc2)CC1,1,false
CF-5-138,O=C(CSC1CCN(Cc2ccccc2)CC1)Nc1ccc(Oc2ncccn2)cc1,1,false
CF-5-139,COc1ccccc1OCC(=O)Nc1ccc(Oc2ncccn2)cc1,1,false
CF-5-14,CC(C)(C)OC(=O)N1CCC(CC(=O)Nc2ccc(Oc3ncccn3)cc2)CC1,1,false
CF-5-140,COc1cccc(OCC(=O)Nc2ccc(Oc3ncccn3)cc2)c1,1,false
CF-5-142,O=C(COc1ccccc1Cl)Nc1ccc(Oc2ncccn2)cc1,1,true
CF-5-146,O=C(COC1CCNCC1)Nc1ccc(Oc2ncccn2)cc1,1,false
CF-5-147,CC(=O)N1CCC(OCC(=O)Nc2ccc(Oc3ncccn3)cc2)CC1,1,false
CF-5-15,O=C(O)CCC(=O)Nc1ccc(Oc2ncccn2)cc1,1,false
CF-5-164,CC(=O)Nc1ccc(N(Cc2ccc(C(=O)O)cc2)c2ncccn2)cc1,1,false
CF-5-173,CCNC(=O)Nc1ccc(N(Cc2ccccc2)c2ncnc3ccccc23)cc1,1,true
CF-5-174,CC(=O)Nc1ccc(N(Cc2ccccc2)c2ncc3ccccc3n2)cc1,1,true
CF-5-175,O=C(Nc1ccc(N(Cc2ccccc2)c2ncc3ccccc3n2)cc1)C1CC1,1,true
CF-5-176,O=C(Nc1ccc(N(Cc2ccccc2)c2ncc3ccccc3n2)cc1)NC1CC1,1,true
CF-5-177,CCNC(=O)Nc1ccc(N(Cc2ccccc2)c2ncc3ccccc3n2)cc1,1,true
CF-5-178,CC(=O)Nc1ccc(N(Cc2ccccc2)c2cc(Cl)ncn2)cc1,1,false
CF-5-18,CNC(=O)COCC(=O)Nc1ccc(Oc2ncccn2)cc1,1,false
CF-5-186,CC(=O)Nc1ccc(N(Cc2ccccc2)c2ncc(F)cn2)cc1,1,true
CF-5-19,O=C(CN1CCOCC1)Nc1ccc(Oc2ncccn2)cc1,1,false
CF-5-190,O=C(Nc1ccc(N(Cc2ccccc2)c2ncccn2)cc1)C1CC1,1,true
CF-5-191,O=C(CSc1ccccc1)Nc1ccc(N(Cc2ccccc2)c2ncccn2)cc1,1,false
CF-5-192,CC(=O)Nc1ccc(N(CC2CCN(C(=O)OC(C)(C)C)CC2)c2ncccn2)cc1,1,true
CF-5-196,CC(C)(C)OC(=O)N1CCC(CN(c2ccc(NC(=O)C3CC3)cc2)c2ncccn2)CC1,1,false
CF-5-200,CCNC(=O)Nc1ccc(N(CC2CCN(C(=O)OC(C)(C)C)CC2)c2ncccn2)cc1,1,false
CF-5-201,CCNC(=O)Nc1ccc(N(CC2CCNCC2)c2ncccn2)cc1,1,false
CF-5-203,Cc1ccc(N2CC[C@H](Nc3ccc(Cl)c(C(=O)NCc4ccc(O)cc4)c3)C2=O)cc1,5,false
CF-5-204,CCNC(=O)Nc1ccc(Nc2ncnc3ccccc23)cc1,1,false
CF-5-205,O=C(Nc1ccc(Nc2ncnc3ccccc23)cc1)NC1CC1,1,false
CF-5-206,CC(C)(C)OC(=O)NCCCNC(=O)Nc1ccc(Nc2ncnc3ccccc23)cc1,1,true
CF-5-207,NCCCNC(=O)Nc1ccc(Nc2ncnc3ccccc23)cc1,1,false
CF-5-210,CC(C)(C)OC(=O)NCCC(=O)Nc1ccc(Nc2ncnc3ccccc23)cc1.O=C(O)C(F)(F)F,1,false
CF-5-211,NCCC(=O)Nc1ccc(Nc2ncnc3ccccc23)cc1,1,false
CF-5-214,CC(=O)N1CCC(C(=O)Nc2ccc(Nc3ncnc4ccccc34)cc2)CC1,1,false
CF-5-215,CN1CCC(C(=O)Nc2ccc(Nc3ncnc4ccccc34)cc2)CC1,1,true
CF-5-216,CC(C)(C)OC(=O)N1CCC(CC(=O)Nc2ccc(Nc3ncnc4ccccc34)cc2)CC1,1,true
CF-5-217,O=C(CC1CCNCC1)Nc1ccc(Nc2ncnc3ccccc23)cc1,1,false
CF-5-222,CCNC(=O)Nc1ccc(C(O)c2ccccc2F)cc1,1,false
CF-5-223,OC(c1ccc(Nc2ncnc3ccccc23)cc1)c1ccccc1F,1,false
CF-5-224,OC(c1ccc(Nc2nc3c(Cl)cccc3[nH]2)cc1)c1ccccc1F,1,true
CF-5-235,CC(=O)Nc1ccc(C(O)c2cc(F)ccc2F)cc1,1,false
CF-5-236,O=C(Nc1ccc(C(O)c2cc(F)ccc2F)cc1)C1CC1,1,false
CF-5-237,CCNC(=O)Nc1ccc(C(O)c2cc(F)ccc2F)cc1,1,false
CF-5-239,O=C(Nc1ccc(C(O)c2cccc(F)c2F)cc1)C1CC1,1,false
CF-5-240,CCNC(=O)Nc1ccc(C(O)c2cccc(F)c2F)cc1,1,true
CF-5-250,CC(=O)Nc1ccc(C(O)c2ccc(Cl)cc2F)cc1,1,false
CF-5-251,O=C(Nc1ccc(C(O)c2ccc(Cl)cc2F)cc1)C1CC1,1,false
CF-5-252,CCNC(=O)Nc1ccc(C(O)c2ccc(Cl)cc2F)cc1,1,false
CF-5-254,O=C(Nc1ccc(C(O)c2cc(Cl)ccc2F)cc1)C1CC1,1,false
CF-5-256,CC(=O)Nc1ccc(C(C)(O)c2ccccc2F)cc1,1,false
CF-5-258,CC(=O)Nc1ccc(C(O)(Cc2ccccc2)c2ccccc2F)cc1,1,true
CF-5-260,CC(=O)Nc1ccc(C(NC(C)=O)c2ccccc2F)cc1,1,false
CF-5-265,CC(=O)N1CCN(S(=O)(=O)N[C@H]2CCN(c3ccc(Cl)c(Cl)c3)C2=O)CC1,5,true
CF-5-266,COc1ccc(CC(=O)NC(c2ccc(NC(C)=O)cc2)c2ccccc2F)cc1,1,true
CF-5-27,O=C(NCCCCl)Nc1ccc(Oc2ncccn2)cc1,1,false
CF-5-283,CC(C)(C)OC(=O)NCCC(=O)NC(c1ccc(NC(=O)C2CC2)cc1)c1ccccc1F,1,false
CF-5-284,NCCC(=O)NC(c1ccc(NC(=O)C2CC2)cc1)c1ccccc1F,1,false
CF-5-285,O=C(O)c1cc(Nc2ccc(Oc3ncccn3)cc2)ncn1,1,false
CF-5-288,CN1CCN(C(=O)c2cc(Nc3ccc(Oc4ncccn4)cc3)ncn2)CC1,1,false
CF-5-289,CN1CCC(CNC(=O)c2cc(Nc3ccc(Oc4ncccn4)cc3)ncn2)CC1,1,false
CF-5-29,O=C(NCCCN1CCOCC1)Nc1ccc(Oc2ncccn2)cc1,1,true
CF-5-290,CC(=O)N1CCN(C(=O)c2cc(Nc3ccc(Oc4ncccn4)cc3)ncn2)CC1,1,false
CF-5-293,O=C(NCc1ccccc1)c1cnc(Nc2ccc(Oc3ncccn3)cc2)nc1,1,true
CF-5-30,COC(=O)CCNC(=O)Nc1ccc(Oc2ncccn2)cc1,1,false
CF-5-300,O=C(O)c1ccc2nc(Nc3ccc(Oc4ncccn4)cc3)[nH]c2c1,1,false
CF-5-303,CC(C)(C)OC(=O)NCCCNC(=O)c1ccc2nc(Nc3ccc(Oc4ncccn4)cc3)[nH]c2c1,1,false
CF-5-305,CCNC(=O)Nc1ccc(Nc2ncnc3ccccc23)cc1,1,false
CF-5-306,CCOC(=O)Nc1ccc(N(Cc2ccccc2)c2ncc3ccccc3n2)cc1,1,true
CF-5-307,c1cnc(Oc2ccc(Nc3nc4ccccc4[nH]3)cc2)nc1,1,false
CF-5-308,Cn1c(Nc2ccc(Oc3ncccn3)cc2)nc2ccccc21,1,false
CF-5-31,O=C(O)CCNC(=O)Nc1ccc(Oc2ncccn2)cc1,1,false
CF-5-311,COCCn1c(Nc2ccc(Oc3ncccn3)cc2)nc2ccccc21,1,false
CF-5-312,CC(C)(C)OC(=O)NCCCn1c(Nc2ccc(Oc3ncccn3)cc2)nc2ccccc21,1,false
CF-5-320,Oc1ccc(-c2nnc(Nc3ccc(Oc4ncccn4)cc3)o2)cc1,1,false
CF-5-321,c1cnc(Oc2ccc(Nc3nnc(C4CC4)o3)cc2)nc1,1,false
CF-5-36,CS(=O)(=O)Nc1ccc(Oc2ncccn2)cc1,1,false
CF-5-38,COCCS(=O)(=O)Nc1ccc(Oc2ncccn2)cc1,1,false
CF-5-39,Cc1nc2cc(Oc3ncccn3)ccc2[nH]1,1,false
CF-5-40,CC(C)c1nc2cc(Oc3ncccn3)ccc2[nH]1,1,false
CF-5-56,CC(C)c1nnc(Nc2ccc(Oc3ncccn3)cc2)o1,1,false
CF-5-58,CC(=O)Nc1ccc(Oc2ccccc2)cc1,1,false
CF-5-59,CC(=O)Nc1ccc(Oc2ccccc2F)cc1,1,false
CF-5-60,CC(=O)Nc1ccc(Oc2cccc(F)c2)cc1,1,false
CF-5-61,CC(=O)Nc1ccc(Oc2ccc(F)cc2)cc1,1,false
CF-5-62,CC(=O)Nc1ccc(Oc2ccccc2Cl)cc1,1,false
CF-5-63,CC(=O)Nc1ccc(Oc2cccc(Cl)c2)cc1,1,false
CF-5-65,CC(=O)Nc1ccc(Oc2cc(F)ccc2F)cc1,1,false
CF-5-74,CC(=O)Nc1ccc(Nc2ncncc2C#N)cc1,1,false
CF-5-75,CC(=O)Nc1ccc(Oc2nccc(C)n2)cc1,1,false
CF-5-76,COc1ccnc(Oc2ccc(NC(C)=O)cc2)n1,1,false
CF-5-77,CC(=O)Nc1ccc(Oc2nccc(C#N)n2)cc1,1,false
CF-5-78,CC(=O)Nc1ccc(Oc2ncncc2F)cc1,1,false
CF-5-81,CC(=O)Nc1ccc(Nc2ncccn2)cc1,1,false
CF-5-84,CC(=O)Nc1ccc(N(CCc2ccccc2)c2ncccn2)cc1,1,false
CF-6-106,NC(=O)c1cccc(C(=O)N2CCC(C(=O)O)c3ccccc32)c1,0,true
CF-6-108,COc1cc(OC)cc(C(=O)N2CCC(C(=O)O)c3ccccc32)c1,0,false
CF-6-110,NC(=O)c1cc(F)cc(C(=O)N2CCC(C(=O)O)c3ccccc32)c1,0,true
CF-6-111,O=C(O)C1CN(C(=O)c2ccccc2)Cc2ccccc21,0,false
CF-6-112,NC(=O)c1cccc(C(=O)N2Cc3ccccc3C(C(=O)O)C2)c1,0,false
CF-6-113,NC(=O)c1cccc(C(=O)N2Cc3ccccc3C(C(=O)O)C2)c1,0,false
CF-6-114,NC(=O)c1ccc(C(=O)N2Cc3ccccc3C(C(=O)O)C2)cc1,0,false
CF-6-116,NC(=O)c1cc(F)cc(C(=O)N2Cc3ccccc3C(C(=O)O)C2)c1,0,false
CF-6-121,CC(=O)N1CCC[C@H](C(=O)N2CC(C(=O)O)c3ccccc32)C1,0,false
CF-6-122,O=C(O)C1CN(C(=O)[C@H]2COc3ccccc3O2)c2ccccc21,0,false
CF-6-124,N#Cc1ccc(C(=O)N2CCC(C(=O)O)c3ccccc32)cc1,0,true
CF-6-128,N#Cc1cc(F)cc(C(=O)N2CCC(C(=O)O)c3ccccc32)c1,0,false
CF-6-129,N#Cc1cccc(C(=O)N2Cc3ccccc3C(C(=O)O)C2)c1,0,false
CF-6-130,N#Cc1ccc(C(=O)N2Cc3ccccc3C(C(=O)O)C2)cc1,0,false
CF-6-19,COc1ccc(C(=O)N2CC(C(=O)O)c3ccccc32)cc1,0,false
CF-6-24,O=C(O)C1CN(C(=O)c2cccc(O)c2)c2ccccc21,0,false
CF-6-26,Cc1ccccc1C(=O)N1CC(C(=O)O)c2ccccc21,0,false
CF-6-33,CC(=O)N1CCN(C(=O)c2cccc(C(=O)N3CC(C(=O)O)c4ccccc43)c2)CC1,0,false
CF-6-34,CC(=O)NCCNC(=O)c1cccc(C(=O)N2CC(C(=O)O)c3ccccc32)c1,0,false
CF-6-38,CC(=O)NCCOc1ccc(C(=O)N2CC(C(=O)O)c3ccccc32)cc1,0,false
CF-6-39,N#Cc1ccccc1C(=O)N1CC(C(=O)O)c2ccccc21,0,true
CF-6-40,N#Cc1cc(C(=O)N2CC(C(=O)O)c3ccccc32)ccc1F,0,false
CF-6-42,NC(=O)c1ccc(F)c(C(=O)N2CC(C(=O)O)c3ccccc32)c1,0,false
CF-6-44,COc1cc(OC)cc(C(=O)N2CC(C(=O)O)c3ccccc32)c1,0,false
CF-6-45,COC(=O)c1cc(OC)cc(C(=O)N2CC(C(=O)O)c3ccccc32)c1,0,false
CF-6-46,COc1cc(Br)cc(C(=O)N2CC(C(=O)O)c3ccccc32)c1,0,false
CF-6-47,O=C(O)C1CN(C(=O)c2cc(O)ccc2F)c2ccccc21,0,false
CF-6-48,O=C(O)C1CN(C(=O)c2cc(F)ccc2F)c2ccccc21,0,false
CF-6-49,N#Cc1ccc(F)c(C(=O)N2CC(C(=O)O)c3ccccc32)c1,0,false
CF-6-56,COc1cc(C(=O)N2CC(C(=O)O)c3ccccc32)cc(OC)c1OC,0,false
CF-6-57,O=C(O)C1CN(C(=O)c2cc(F)c(F)c(F)c2)c2ccccc21,0,false
CF-6-58,Cc1cncc(C(=O)N2CC(C(=O)O)c3ccccc32)c1,0,false
CF-6-62,O=C(O)C1CN(C(=O)Cc2ccccc2)c2ccccc21,0,false
CF-6-64,O=C(O)C1CN(C(=O)COc2ccccc2)c2ccccc21,0,false
CF-6-70,O=C(O)C1CN(C(=O)NCc2ccccc2)c2ccccc21,0,false
CF-6-71,O=C(O)C1CN(C(=O)Nc2ccccc2)c2ccccc21,0,false
CF-6-73,O=C(O)C1CN(C(=O)CN2CCOCC2)c2ccccc21,0,false
CF-6-75,O=C(O)C1CN(C(=O)Cn2ccnc2)c2ccccc21,0,true
CF-6-82,O=C(O)C1CN(S(=O)(=O)N2CCOCC2)c2ccccc21,0,false
CF-6-83,CNC(=O)C1CN(C(=O)c2cccc(C#N)c2)c2ccccc21,0,false
CF-6-86,CS(=O)(=O)NC(=O)C1CN(C(=O)c2cccc(C#N)c2)c2ccccc21,0,false
CF-6-96,CS(=O)(=O)NC(=O)C1CN(C(=O)c2cccc(C(N)=O)c2)c2ccccc21,0,false
CF-7-27,N#Cc1c(Cl)cccc1Oc1ccccc1Cl,3,false
CF-7-28,COc1cc(OC)nc(Nc2cccc(Cl)c2C#N)n1,3,false
CF-7-31,NC(=O)c1c(Cl)cccc1Oc1ccccc1,3,false
CF-7-35,NC(=O)c1c(Cl)cccc1Sc1nccc(OCc2ccccc2)n1,3,false
CF-8-03,CN(C)CCCC(=O)Nc1cc2c(Nc3ccc(F)c(Cl)c3)ncnc2cc1OC1CCN(C(=O)CCOCCOCCOCCOCCOc2cccc3c2C(=O)N(C2CCC(=O)NC2=O)C3=O)CC1,1,false
CF-8-06,CN(C)CCCC(=O)Nc1cc2c(Nc3ccc(F)c(Cl)c3)ncnc2cc1OCc1cn(CCOCCOCCOCCOCCOc2cccc3c2C(=O)N(C2CCC(=O)NC2=O)C3=O)nn1.O=C(O)C(F)(F)F,1,false
CF-8-12,COc1cc2ncnc(Nc3ccc(-c4cn(CCOCCOCCOCCOCCOc5cccc6c5C(=O)N(C5CCC(=O)NC5=O)C6=O)nn4)c(Cl)c3)c2cc1NC(=O)CCCN(C)C,1,false
CF-8-165,COc1cc2ncnc(Nc3ccc(Cl)c(S(=O)(=O)N(C)C)c3)c2cc1N,1,true
CF-8-166,CCN(C(C)C)S(=O)(=O)c1cc(Nc2ncnc3cc(OC)c(N)cc23)ccc1Cl,1,false
CF-8-168,COc1cc2ncnc(Nc3ccc(Cl)c(S(=O)(=O)N4CCOCC4)c3)c2cc1N,1,true
CF-8-169,COc1cc2ncnc(Nc3ccc(Cl)c(S(=O)(=O)N(C)CCO)c3)c2cc1N,1,true
CF-8-225,C#Cc1ccc(Oc2cc3ncnc(Nc4ccc(-c5ncccn5)cc4)c3cc2N)cc1,1,false
CF-8-239,CN(C)CCn1c(=O)[nH]c2cc3c(Nc4ccc(-c5ncccn5)cc4)ncnc3cc21,1,true
CF-8-245,Cn1c(N)nc2cc3c(Nc4ccc(-c5ncccn5)cc4)ncnc3cc21,1,false
CF-8-253,CCNc1nc2cc3c(Nc4ccc(-c5ncccn5)cc4)ncnc3cc2n1C,1,false
CF-8-44,COc1cc2ncnc(Nc3ccc(-c4ncco4)cc3)c2cc1N,1,true
CF-8-48,COc1cc2ncnc(Nc3ccc(-c4cnco4)cc3)c2cc1N,1,false
CF-8-54,COc1cc2ncnc(Nc3ccc(-c4ncccn4)cc3)c2cc1N,1,true
CF-8-58,COc1cc2ncnc(Nc3ccc(OC(F)F)cc3)c2cc1N,1,false
CF-8-60,COc1cc2ncnc(Nc3ccc(NC(C)=O)cc3)c2cc1N,1,false
CF-9-06,O=C1Cc2cc(-c3ccnc(N4CCOCC4)n3)ccc2N1,3,false
CF-9-09,O=C1Cc2cc(-c3cc(N4CCOCC4)ncn3)ccc2N1,3,true
CF-9-13,O=C(Nc1ccc(-c2ncc(F)c(N3CCOCC3)n2)cc1)C1CC1,3,true
CF-9-15,Cc1cnc(-c2ccc(NC(=O)C3CC3)cc2)nc1N1CCOCC1,3,true
CF-9-17,CCOC(=O)c1cnc(-c2ccc(NC(=O)C3CC3)cc2)nc1N1CCOCC1,3,false
CF-9-19,CC(C)(C)OC(=O)NCCCNC(=O)c1cnc(-c2ccc(NC(=O)C3CC3)cc2)nc1N1CCOCC1,3,true
CF-9-21,O=C(Nc1ccc(-c2nc(N3CCOCC3)ncc2F)cc1)C1CC1,3,true
CF-9-22,O=C(Nc1ccc(-c2nc(N3CCOCC3)ncc2Cl)cc1)C1CC1,3,true
CF-9-24,CN(C)C(=O)c1cnc(N2CCOCC2)nc1-c1ccc(NC(=O)C2CC2)cc1,3,false
CF-9-25,CCOC(=O)c1cnc(N2CCOCC2)nc1-c1ccc(NC(=O)C2CC2)cc1,3,true
CF-9-26,O=C(O)c1cnc(N2CCOCC2)nc1-c1ccc(NC(=O)C2CC2)cc1,3,true
CF-9-34,COC(=O)c1ccc(Nc2ccnc(N3CCOCC3)n2)cc1,3,false
CSC000482201,O=C(c1sc2ccccc2c1Cl)N1CCOCC1,4,false
CSC000487489,O=C(c1cc2ccccc2[nH]1)N1CCOCC1,4,false
CSC000584532,O=C(c1cc2ccccc2o1)N1CCOCC1,4,false
CSC000599708,O=C(c1cc2cc(F)ccc2s1)N1CCCC1,4,false
CSC000613162,Cc1c(C(=O)N2CCOCC2)sc2ccccc12,4,false
CSC000723025,Cl.O=C(c1cc2ccccc2s1)N1CCNCC1,4,false
CSC000758952,NCc1ccc(-c2ccncc2)cc1,3,false
CSC026025540,CC(C)(C)NC(=O)CN1CCCN(C(=O)c2cc3ccccc3s2)CC1,4,false
CSC026257373,N#Cc1ccc(N2CCN(C(=O)c3cc4ccccc4s3)CC2)nc1,4,true
CSC026271276,O=C(NCCCCN1CCOCC1)c1cc2ccccc2s1,4,false
CSC026283272,O=C(c1cc2ccccc2s1)N1CCC(N2CCNC2=O)CC1,4,false
CSC026287815,O=C(c1cc2ccccc2s1)N1CCC(CN2CCOCC2)CC1,4,false
CSC026321400,O=C(c1cc2c(s1)-c1ccccc1CC2)N1CCOCC1,4,false
CSC026321816,O=C(c1ccc(-c2nc3ccccc3s2)s1)N1CCOCC1,4,false
CSC026321858,O=C(c1sc2cc(Cl)ccc2c1Cl)N1CCOCC1,4,false
CSC026379739,CC(NC(=O)NCC(O)C1CC1)c1ccc(-c2ccncc2)cc1,2,false
CSC026405011,CCOC(=O)C1=C(C)N(C)C(=O)NC1c1ccc(-c2cccs2)cc1F,3,false
CSC026662386,O=C(NCC(c1cccs1)N1CCOCC1)c1cc2ccccc2s1,4,false
CSC026686581,O=C(c1ccco1)N1CCN(C(=O)c2cc3ccccc3s2)CC1,4,false
CSC026692485,O=C(c1cc2c(F)cccc2s1)N1CCOC2CCCC21,4,false
CSC026693315,Cc1c(C(=O)N2CCOCC2)sc2cccc(F)c12,4,false
CSC026803846,O=C(NCCCN1CCOCC1)c1cc2ccccc2s1,4,false
CSC026806135,O=C(c1cc2ccccc2s1)N1CCC(OCCCO)CC1,4,false
CSC026807203,Cc1noc(C2COCCN2Cc2ccc(-c3ccncc3)cc2F)n1,3,false
CSC026820179,O=C(c1cc2ccccc2s1)N1CCN(CC2CCCO2)CC1,4,false
CSC026862760,Cc1c(C(=O)N2CCOC(C)C2)sc2ccccc12,4,false
CSC026866345,CC1CN(C(=O)c2cc3c(F)cccc3s2)CCO1,4,false
CSC026866568,CC1CN(C(=O)c2cc3ccccc3s2)CCO1,4,false
CSC026868280,O=C(CN1CCN(C(=O)c2cc3ccccc3s2)CC1)N1CCCC1,4,false
CSC026898121,O=C(c1cc2ccccc2s1)N1CCN(Cc2cccc(Cl)c2)CC1,4,false
CSC026903583,Cn1cnnc1C1CCN(C(=O)c2cc3ccccc3s2)CC1,4,false
CSC026907877,Cc1ccccc1CN1CCN(C(=O)c2cc3ccccc3s2)CC1,4,false
CSC026922611,O=C(c1cc2ccccc2s1)N1CCN(C2CC2)CC1,4,false
CSC026966465,O=C(c1cc2ccccc2s1)N1CCCN(c2nccs2)CC1,4,false
CSC027030125,O=C(c1cc2ccccc2s1)N1CCN(C2CCS(=O)(=O)C2)CC1,4,false
CSC027099832,CNC(=O)C(C)CN(C)Cc1ccc(-c2ccncc2)cc1F,3,false
CSC027131237,CC(=O)N(C)c1cccc(NCc2ccc(-c3ccncc3)cc2F)c1,3,false
CSC027151389,O=C(c1cc2ccccc2s1)N1CCC2(CC1)OCCO2,4,false
CSC027181936,CCc1nnc2n1CCN(C(=O)c1cc3ccccc3s1)C2,4,false
CSC027185584,Cc1nnc2n1CCN(C(=O)c1ccc(-c3cccs3)cc1F)C2,3,false
CSC027185733,Cc1nnc2n1CCN(C(=O)c1cc3ccccc3s1)C2,4,false
CSC027190844,O=C(c1ccc(-c2cccs2)cc1F)N1CCN(CCO)CC1,3,false
CSC027222896,O=C(c1cc2ccccc2s1)N1CCN(C2CCCC2O)CC1,4,false
CSC027282453,CC(NCC#N)c1ccc(-c2ccncc2)cc1,2,false
CSC027341828,O=C(c1sc2cccc(F)c2c1COc1ccccc1)N1CCOCC1,4,false
CSC027355654,CCN(C)C(=O)NC(C)c1ccc(-c2ccncc2)cc1,2,false
CSC027395181,CC1(C(=O)O)CCN(C(=O)c2cc3ccccc3s2)C1,4,false
CSC027398667,O=C1CC(NCc2ccc(-c3ccncc3)cc2F)CN1CCN1CCOCC1,3,false
CSC027465278,Cc1nc(C2CN(C(=O)c3cc4ccccc4s3)CCO2)no1,4,false
CSC027482139,CN(Cc1cnn(C)c1)C(=O)c1ccc(-c2cccs2)cc1F,3,false
CSC027531052,O=C(c1cc2ccccc2s1)N1CCOCC2(CCOCC2)C1,4,false
CSC027541174,O=C(c1cc2ccccc2s1)N1CCN(S(=O)(=O)c2nnc[nH]2)CC1,4,false
CSC027567290,Cc1ccc2sc(C(=O)N3CCOCC3c3nnc(C(C)C)o3)cc2c1,4,false
CSC027575170,CC(NC(=O)NCCc1ccnn1C)c1ccc(-c2ccncc2)cc1,2,false
CSC027612047,CC(NC(=O)CSc1nccn1C)c1ccc(-c2ccncc2)cc1,2,false
CSC027615804,CC(C)NC(=O)NC(C)c1ccc(-c2ccncc2)cc1,2,false
CSC027618409,Cn1cc(N2CCN(C(=O)c3cc4ccccc4s3)CC2)cn1,4,false
CSC027618420,CC(NC(=O)C1CCN(c2cnccn2)CC1)c1ccc(-c2ccncc2)cc1,2,false
CSC027619059,CC(NC(=O)N(CCO)C1CC1)c1ccc(-c2ccncc2)cc1,2,false
CSC027619078,CC(NC(=O)NCC(C)(C)O)c1ccc(-c2ccncc2)cc1,2,false
CSC027659709,Cc1c(C(=O)N2CCOC(C(=O)O)C2)sc2ccc(F)cc12,4,false
CSC027661285,Cc1c(C(=O)N2CCOCC2C(=O)O)sc2ccccc12,4,false
CSC027661759,O=C(O)C1COCCN1C(=O)c1cc2ccccc2s1,4,false
CSC027663852,Cc1c(C(=O)N2CCOC(CC(=O)O)C2)sc2ccccc12,4,false
CSC027665728,Cc1ccc2sc(C(=O)N3CCOCC3c3cccn3C)cc2c1,4,false
CSC027674059,O=C(c1cc2ccccc2s1)N1CCC(Nc2nccs2)CC1,4,false
CSC027732631,COCc1c(C(=O)N2CC(C)OCC2C)sc2ccccc12,4,false
CSC027751277,CC(=O)NCC1CCN(C(=O)c2cc3ccccc3s2)CC1,4,false
CSC027753125,O=C(c1cc2c(s1)-c1ccccc1OC2)N1CCOCC1,4,false
CSC027785401,Cn1cc(C2(C)CN(C(=O)c3cc4ccccc4s3)CCO2)cn1,4,false
CSC027824530,Cc1c(C(=O)N2CCOCC2)sc2ccc(F)cc12,4,false
CSC027828492,O=C(c1cc2ccccc2s1)N1CCCCC1c1ncon1,4,false
CSC027898502,CC(=O)Nc1ccc(-c2csc(N3CCOCC3)n2)cc1,3,true
CSC028124968,CC(NC(=O)C(C)(C)C#N)c1ccc(-c2ccncc2)cc1,2,false
CSC030045833,NS(=O)(=O)C1CCN(C(=O)c2cc3ccccc3s2)C1,4,false
CSC038749625,O=C(NCC1(CO)CCC1)C1OCCc2ccccc21,3,false
CSC056747531,NC1(CNC(=O)C2OCCc3ccccc32)CCCCC1,3,false
CSC057765040,CC(C)[C@H](N)C(=O)NC1CCN(c2ccccc2Cl)C1=O,5,false
CSC058763792,O=C(N[C@H]1C[C@@H](O)C1)C1CC(=O)N(c2ccccc2Cl)C1,0,false
CSC058941942,Cc1nnc(C2COCCN2C(=O)c2cc3ccccc3s2)o1,4,false
CSC067257834,O=C(Nc1cccnc1O)C1CC(=O)N(c2ccccc2Cl)C1,0,false
CSC081490344,O=C(NCC1(CCO)CCCC1)C1OCCc2ccccc21,3,false
CSC083125584,Cc1cc(N2CCC(Nc3ccc(C)c(C(N)=O)c3)C2=O)n(C)n1,5,false
CSC087610857,COCCOCC1CCN(C(=O)c2ccccc2Nc2ccccc2)C1,3,false
CSC090602280,O=C(c1occc1CN1C(=O)Cc2ccccc21)N1CCOC(CO)C1,3,false
CSC092748935,COc1ccc(C(=O)Nc2ccccc2C(=O)N2CCC(C(N)=O)C2)cc1,3,false
CSC093223546,CC1(CNC(=O)NCC2OCCc3ccccc32)CCOCC1,3,false
CSC096731571,CS(=O)(=O)CC1(CNC(=O)C2OCCc3ccccc32)CC1,3,false
CSC096821497,COCCOC1CCN(C(=O)c2ccccc2Nc2ccc(C)cc2)C1,3,false
CSC097045727,Cc1cc(C(=O)NC2CCCN(c3ccccc3Cl)C2=O)ncc1C(N)=O,5,false
CSC102892928,CCS(=O)(=O)N1CCN(C(=O)c2cc3ccccc3s2)CC1,4,false
CSC103954470,COC1CCN(C(=O)c2cc3ccccc3s2)CC1,4,false
CSC104774340,Cc1cnccc1-c1ccc(CN2CCS(=O)(=O)CC2)cc1,3,false
CSC106192597,CN1CCC(N(C)C(=O)c2ccc(=O)n(Cc3ccccc3Cl)c2)CC1,0,false
CSC106542153,O=C(NCc1ccc(-c2cccs2)cc1)N1CC(O)CC1C1CCCOC1,3,false
CSC133034860,CC1CN(C(=O)c2cc3ccccc3s2)CC(C)O1,4,false
CSC133055435,CNC(=O)C1CN(C(=O)c2cc3cc(C)ccc3s2)CCO1,4,false
CSC133078445,CN(C)C(=O)c1ccc(-c2cccs2)cc1F,3,false
CSC133150101,O=C(c1cc2ccccc2s1)N1C[C@@]2(CO)C[C@@]2(CO)C1,4,false
CSC138464531,Cc1nnc(C2CN(C(=O)c3sc4ccccc4c3C)CCO2)o1,4,false
CSC138552571,CC(NCCC(=O)O)c1ccc(-c2ccncc2)cc1,2,false
CSSS00026264922,Cc1ccc(N2CC(C(=O)N3CCCN(C)CC3)CC2=O)cc1,0,false
CSSS00026569111,CC(C)CC(=O)Nc1ccc(-c2csc(-c3ccccn3)n2)cc1,3,false
CSSS00027094962,CC(C)CC(=O)Nc1ccc(-c2csc(CC(=O)N3CCOCC3)n2)cc1,3,false
CSSS00027380692,NC(=O)c1cc(NC2CCN(c3ccccc3F)C2=O)ccc1Cl,5,false
CSSS00027403153,O=C1C(Nc2ccc3oc(=O)[nH]c3c2)CCN1c1ccccc1Cl,5,false
CSSS00027692262,O=C(O)C1CN(C(=O)c2cc(Cl)ccc2F)c2ccccc21,0,false
CSSS00027692525,O=C(O)C1CN(C(=O)c2cc(Br)ccc2F)c2ccccc21,0,false
CSSS00027837091,O=C(NCC1CNCC1O)c1cccc2c1OCO2,3,false
CSSS00027837527,Cc1cc(C(=O)NCC2CNCC2O)c2[nH]ncc2c1,3,false
CSSS00066938183,OC(=NC[C@@H]1CCCO[C@H]1c1cn[nH]c1)c1cccc2c1CCC2,3,false
CSSS00103857486,O=C(NCC1CNCC1O)c1cccc2[nH]ncc12,3,false
CSSS00105258832,COc1ccccc1N1CCC(Nc2ccc3c(c2)CC(=O)N3)C1=O,5,false
CSSS00106254874,O=C1Cc2cc(NC3CCN(c4ccccc4C(F)(F)F)C3=O)ccc2N1,5,false
CSSS00116250816,O=C(NCc1nccc2ccccc12)C1CC(=O)N(c2ccccc2Cl)C1,0,false
CSSS00138457091,CN1C(=O)C[C@@H](CNC(=O)c2cccc3c2CCC3)[C@@H]1c1nccn1C,3,false
CSSS00138524351,Cn1cnnc1[C@H]1C[C@H](CNC(=O)c2cccc3[nH]ccc23)[C@H](O)C1,3,false
CSSS00138524354,Cn1cnnc1[C@H]1C[C@H](CNC(=O)c2cccc3c2OCO3)[C@H](O)C1,3,false
CSSS00138524364,Cn1cnnc1[C@H]1C[C@H](CNC(=O)c2cccc3c2CCC3)[C@H](O)C1,3,false
CSSS00138524375,CC(C)Oc1ccccc1C(=O)NC[C@H]1C[C@H](c2nncn2C)C[C@H]1O,3,false
CSSS00138524389,Cn1cnnc1[C@H]1C[C@H](CNC(=O)c2cccc3cc[nH]c23)[C@H](O)C1,3,false
CSSS00138524451,Cn1cnnc1[C@H]1C[C@H](CNC(=O)C2Cc3ccccc3C2)[C@H](O)C1,3,false
CSSS00138524453,Cn1cnnc1[C@H]1C[C@H](CNC(=O)c2cccc3ncn(C)c23)[C@H](O)C1,3,false
CSSS00138524480,Cn1cnnc1[C@H]1C[C@H](CNC(=O)c2cccc3c2CCCC3)[C@H](O)C1,3,false
CSSS00138524486,Cc1ccc(C(=O)NC[C@H]2C[C@H](c3nncn3C)C[C@H]2O)c2c1CCC2,3,false
CSSS00138529240,O=C(NC[C@@H]1C[C@@H](c2nnc[nH]2)C[C@@H]1O)c1cccc(F)c1F,3,false
CSSS00160446616,O=C(C1CC(=O)N(c2ccccc2)C1)N1CCN(C2CC2)C(=O)C1,0,false
D203-0030,O=C(c1ccc2c(c1)OCCO2)N1CCC(c2nc(O)c3nnn(Cc4ccc(F)cc4)c3n2)CC1,3,false
D203-0031,O=C(c1ccc2c(c1)OCO2)N1CCC(c2nc(O)c3nnn(Cc4ccc(F)cc4)c3n2)CC1,3,true
D203-0058,CCc1ccc(C(=O)N2CCC(c3nc(O)c4nnn(Cc5ccc(C)cc5)c4n3)CC2)cc1,3,true
E859-0348,Cc1ccc(-n2nc3c(N4CCC(C(=O)N5CCc6ccccc6C5)CC4)nnc(C)c3c2C)cc1,3,true
MCULE-3274308330,N#Cc1ccsc1NC(=O)COC(=O)Cc1csc(-c2ccccc2)n1,3,false
MCULE-4990117039,CC(=O)NCc1ccc(-c2nc(NC(=O)Cc3csc(NC(=O)C4CC4)n3)sc2C)s1,3,true
MCULE-6306622420,Cc1ccc(-c2noc(C(C)Nc3ccc(Oc4ccc(Cl)nn4)cc3)n2)cc1F,3,false
MCULE-8127450569,O=C(Cn1cnnn1)N(CC(F)(F)F)c1cccc(Cl)c1,3,false
MCULE-8998162305,Cc1cc(NC(=O)C(C)OC(=O)c2cc3c(s2)CCCC3)no1,3,false
MCULE-9414144954,Cc1cc(N)nc(C)c1-c1ccc(C(=O)NCCS(=O)(=O)N(C)C)cc1,3,false
MCULE-9709219277,Cc1noc(C)c1CC(C)C(=O)NS(=O)(=O)c1cccc(F)c1C#N,3,false
PV-001852675955,O=C(Nc1cccc(Cc2nn[nH]n2)c1)C1CCCN(C(=O)c2ccc(Cl)c(Cl)c2)C1,3,false
PV-001947635354,CN(C)c1nccc2cc(NC(=O)NC(Cc3ccccc3)c3n[nH]c(=O)[nH]3)ccc12,3,true
STL569478,O=C1[C@H]2C3CCCN3C3(c4ccccc4-n4c3nc3ccccc3c4=O)[C@H]2C(=O)N1c1ccccc1,3,true
UNC-AH-01-013,COC(=O)c1ccccc1NC(=O)c1ccsc1,3,false
UNC-AH-01-028,COC(=O)c1ccccc1C(=O)Nc1ncc(C)s1,3,false
UNC-AH-01-043,CC(=O)Nc1ccccc1C(=O)O,3,false
UNC-AH-01-047,O=C(O)c1ccccc1NC(=O)C1CCOCC1,3,false
UNC-AH-01-048,CC(C)C(=O)Nc1ccccc1C(=O)O,3,false
UNC-AH-01-056,COC(=O)c1ccccc1NC(=O)N1CCOCC1,3,false
UNC-AH-01-061,O=C(O)c1ccccc1Oc1ccccc1,3,false
UNC-AH-01-062,O=C(O)c1ccccc1C(=O)NC1CC1,3,false
UNC-AH-01-064,O=C(O)c1ccccc1NC(=O)C1CCC1,3,false
UNC-AH-01-065,O=C(O)c1ccccc1NC(=O)C1CCCC1,3,false
UNC-AH-01-066,O=C(Nc1ccccc1C(=O)O)c1ccco1,3,false
UNC-AH-01-084,O=C(O)c1ccccc1NC(=O)N1CCOCC1,3,false
UNC-AH-02-012,COC(=O)c1ccccc1-c1ccc(C(=O)O)c(OC(F)(F)F)c1,3,false
UNC-AH-02-016,CC(=O)c1ccc(-c2ccc(C(=O)O)c(OC(F)(F)F)c2)cc1,3,false
UNC-AH-02-020,N#Cc1ccccc1-c1ccc(C(=O)O)c(OC(F)(F)F)c1,3,false
UNC-AH-02-068,Nc1ccc(-c2csc(N3CCOCC3)n2)cc1,3,false
UNC-AH-02-070,Cc1nc(-c2ccc(N)cc2)cs1,3,false
UNC-AH-02-076,O=C(O)c1ccc(N2CCCCC2)cc1OC(F)(F)F,3,false
UNC-AH-02-077B,COc1ccc(-c2ccc(OC(F)(F)F)c(C(=O)O)c2)c(OC)n1,3,false
UNC-AH-02-077C,O=C(O)c1cccc(-c2ccc(OC(F)(F)F)c(C(=O)O)c2)c1,3,false
UNC-AH-02-081,Nc1ccc(-c2ccc(C(=O)O)c(OC(F)(F)F)c2)cc1,3,false
UNC-AH-02-082,O=C(O)c1ccc(-c2ccccc2C(=O)O)cc1OC(F)(F)F,3,false
UNC-AH-03-007C,Fc1cc(-c2csc(N3CCOCC3)n2)ccn1,3,false
UNC-AH-03-007E,COc1cc(-c2csc(N3CCOCC3)n2)ccn1,3,false
UNC-AH-03-008A,Cc1cc(-c2csc(N(C)C)n2)ccn1,3,false
UNC-AH-03-008I,CC(C)S(=O)(=O)c1ccc(-c2csc(N(C)C)n2)cc1,3,false
UNC-AH-03-019G1,CC(=O)Nc1ccc(-c2csc(N)n2)cc1,3,false
UNC-AH-03-095B,COc1cc(-c2nccc(-c3ccc(NC(=O)C4CC4)cc3)n2)ccc1N,3,false
UNC-AH-05-009,O=C(O)c1ccccc1CN1C(=O)C(=O)c2ccccc21,3,false
UNC-AH-3-075D,Cc1cc(NC(=O)C2CC2)ccc1-c1csc(N2CCOCC2)n1,3,true
UNC-AH-3-075E,O=C(Nc1ccc(-c2csc(N3CCOCC3)n2)c(F)c1)C1CC1,3,false
UNC-AH-3-075F,COc1cc(NC(=O)C2CC2)ccc1-c1csc(N2CCOCC2)n1,3,false
UNC-AH-3-082F,O=C(Nc1ccc(-c2csc(N3CCC4(CC3)CNC4)n2)cc1)C1CC1,3,false
UNC-AH-3-082I,CC(C)(C)OC(=O)N1CCN(c2nc(-c3ccc(NC(=O)C4CC4)cc3)cs2)CC1,3,false
UNC-AH-3-86B,COc1cc2nc(Cl)nc(-c3ccc(NC(=O)C4CC4)cc3)c2cc1OC,3,true
UNC-AH-3-87B,COc1cc2nc(N3CCOCC3)nc(-c3ccc(NC(=O)C4CC4)cc3)c2cc1OC,3,true
UNC-ZDG-148-2,O=C(Nc1ccc(F)c(O)c1)C1CC(=O)N(c2ccc(Cl)cc2)C1,0,false
UNC-ZDG-150-1,Cn1cc(S(=O)(=O)N[C@@H]2CCN(c3ccccc3)C2=O)cn1,5,true
UNC-ZDG-150-3,O=C1[C@H](NS(=O)(=O)c2ccc(C(F)(F)F)cc2)CCN1c1ccccc1,5,false
UNC-ZDG-150-6,O=C1[C@H](NS(=O)(=O)N2CCOCC2)CCN1c1ccccc1,5,false
UNC-ZDG-167-1,Brc1cnc2nc(Nc3ccc(Oc4ncccn4)cc3)[nH]c2c1,1,true
UNC-ZDG-182-2,COC(=O)c1ccc(Nc2ncnc3cc(OC)c(OC)cc23)cc1,1,true
UNC-ZDG-183-2,COCCOc1cc2ncnc(Nc3ccc(C(=O)OC)cc3)c2cc1OCCOC,1,true
UNC-ZDG-190,CC(=O)Nc1ccc(Oc2ncncc2N)cc1,1,false
UNC-ZDG-194-1,O=C(Nc1ccc(-c2csc(N3C[C@@H]4C[C@H]3CO4)n2)cc1)C1CC1,3,false
UNC-ZDG-194-5,C[C@@H]1CN(c2nc(-c3ccc(NC(=O)C4CC4)cc3)cs2)CCO1,3,false
UNC-ZDG-200-2,COC(=O)c1ccccc1OCC(=O)NCc1cccc(F)c1,3,false
UNC-ZDG-201-1,O=C(COc1ccccc1C(=O)O)Nc1cccc(F)c1,3,false
UNC-ZDG-293-1,Fc1cnc2nc(Nc3ccc(Oc4ncccn4)cc3)[nH]c2c1,1,true
UNC-ZDG-293-2,Clc1c(Br)cnc2nc(Nc3ccc(Oc4ncccn4)cc3)[nH]c12,1,true
UNC-ZDG-293-3,Clc1cnc2nc(Nc3ccc(Oc4ncccn4)cc3)[nH]c2c1,1,true
UNC-ZDG-294-1,Fc1cc(Br)cc2[nH]c(Nc3ccc(Oc4ncccn4)cc3)nc12,1,false
UNC-ZDG-294-3,Cn1c(Nc2ccc(Oc3ncccn3)cc2)nc2cc(Br)cnc21,1,true
UNC-ZDG-436-A,CCN(CC)S(=O)(=O)c1cc(Nc2nc(N3CCOCC3)nc3cc(OC)c(N)cc23)ccc1Cl,1,true
UNC-ZDG-438-A,CCN(CC)S(=O)(=O)c1cc(Nc2nc(N3CNC(=O)C3)nc3cc(OC)c(N)cc23)ccc1Cl,1,false
UNC-ZDG-81-1,O=C(NCCc1ccc(O)cc1)c1ccc(=O)n(Cc2ccccc2Cl)c1,0,false
UNC-ZDG-81-10,CC(C)(C)OC(=O)NCCN1CCN(C(=O)C2CC(=O)N(c3ccccc3)C2)CC1.O=C(O)OC(F)(F)F,0,false
UNC-ZDG-81-11,CC(C)(C)OC(=O)NCCN1CCN(C(=O)C2CC(=O)N(C3CCCCC3)C2)CC1.O=C(O)OC(F)(F)F,0,false
UNC-ZDG-81-2,CC(C)(C)OC(=O)NCCN1CCN(C(=O)C2CC(=O)N(c3ccc(F)cc3)C2)CC1.O=C(O)OC(F)(F)F,0,false
UNC-ZDG-81-3,CC(C)(C)OC(=O)NCCN1CCN(C(=O)C2CC(=O)N(Cc3ccccc3)C2)CC1.O=C(O)OC(F)(F)F,0,false
UNC-ZDG-81-5,CC(C)(C)OC(=O)NCCN1CCN(C(=O)C2CC(=O)N(c3ccc(Cl)cc3)C2)CC1.O=C(O)OC(F)(F)F,0,false
UNC-ZDG-81-6,Cc1cccc(N2CC(C(=O)N3CCN(CCNC(=O)OC(C)(C)C)CC3)CC2=O)c1.O=C(O)OC(F)(F)F,0,false
UNC-ZDG-81-7,CC(C)(C)OC(=O)NCCN1CCN(C(=O)C2CC(=O)N(c3cccc(Cl)c3)C2)CC1.O=C(O)OC(F)(F)F,0,false
UNC-ZDG-81-8,Cc1ccccc1N1CC(C(=O)N2CCN(CCNC(=O)OC(C)(C)C)CC2)CC1=O.O=C(O)OC(F)(F)F,0,false
UNC-ZDG-81-9,CC(C)(C)OC(=O)NCCN1CCN(C(=O)C2CC(=O)N(c3ccccc3Cl)C2)CC1.O=C(O)OC(F)(F)F,0,false
UNC-ZDG-82-9,COc1ccc(NC(=O)C2CC(=O)N(c3ccccc3F)C2)cc1O,0,false
UNC-ZDG-83-10,NCCN1CCN(C(=O)C2CC(=O)N(c3ccccc3)C2)CC1.O=C(O)C(F)(F)F,0,false
UNC-ZDG-83-6,Cc1cccc(N2CC(C(=O)N3CCN(CCN)CC3)CC2=O)c1.O=C(O)C(F)(F)F,0,false
UNC-ZDG-83-7,NCCN1CCN(C(=O)C2CC(=O)N(c3cccc(Cl)c3)C2)CC1.O=C(O)C(F)(F)F,0,false
UNC-ZDG-84-1,O=C1CC(C(=O)N2C(=O)OCC2Cc2ccccc2)CN1c1ccccc1,0,false
UNC-ZDG-86-1,CN1CCN(C(=O)C2CC(=O)N(c3cccc(F)c3)C2)CC1.O=C(O)C(F)(F)F,0,false
UNC-ZDG-86-2,CN1CCN(C(=O)C2CC(=O)N(c3ccc(F)cc3)C2)CC1.O=C(O)C(F)(F)F,0,false
UNC-ZDG-86-3,CN1CCN(C(=O)C2CC(=O)N(Cc3ccccc3)C2)CC1.O=C(O)C(F)(F)F,0,false
UNC-ZDG-86-4,Cc1ccc(N2CC(C(=O)N3CCN(C)CC3)CC2=O)cc1.O=C(O)C(F)(F)F,0,false
UNC-ZDG-86-6,Cc1cccc(N2CC(C(=O)N3CCN(C)CC3)CC2=O)c1.O=C(O)C(F)(F)F,0,false
UNC-ZDG-86-7,Cc1ccccc1N1CC(C(=O)N2CCN(C)CC2)CC1=O.O=C(O)C(F)(F)F,0,false
UNC-ZDG-86-9,CN1CCN(C(=O)C2CC(=O)N(C3CCCCC3)C2)CC1.O=C(O)C(F)(F)F,0,false
UNC-ZDG-87-2,CN1CCC(NC(=O)C2CC(=O)N(c3cccc(F)c3)C2)CC1.O=C(O)C(F)(F)F,0,false
UNC-ZDG-87-3,CN1CCC(NC(=O)C2CC(=O)N(c3ccc(F)cc3)C2)CC1.O=C(O)C(F)(F)F,0,false
UNC-ZDG-87-4,Cc1ccc(N2CC(C(=O)NC3CCN(C)CC3)CC2=O)cc1.O=C(O)C(F)(F)F,0,false
UNC-ZDG-87-5,CN1CCC(NC(=O)C2CC(=O)N(c3ccc(Cl)cc3)C2)CC1.O=C(O)C(F)(F)F,0,false
UNC-ZDG-87-6,Cc1cccc(N2CC(C(=O)NC3CCN(C)CC3)CC2=O)c1.O=C(O)C(F)(F)F,0,false
UNC-ZDG-87-7,Cc1ccccc1N1CC(C(=O)NC2CCN(C)CC2)CC1=O.O=C(O)C(F)(F)F,0,false
UNC-ZDG-87-8,CN1CCC(NC(=O)C2CC(=O)N(c3ccccc3)C2)CC1.O=C(O)C(F)(F)F,0,false
UNC-ZDG-91-1,CC(C)(C)OC(=O)N1C[C@H](CNC(=O)c2cccc3c2CCCC3)[C@H](O)C1,3,false
UNC-ZDG-91-4,CC(C)(C)OC(=O)N1C[C@H](CNC(=O)c2cccc3c2CCC3)[C@H](O)C1,3,false
UNC-ZDG-91-5,CC(C)(C)OC(=O)N1C[C@H](CNC(=O)c2cccc3c2OCC3)[C@H](O)C1,3,false
UNC-ZDG-93-1,Cl.O=C(NC[C@H]1CNC[C@H]1O)c1cccc2c1OCC2,3,false
UNC-ZDG-93-3,Cl.O=C(NC[C@H]1CNC[C@H]1O)c1cccc2c1CCCC2,3,false
UNC-ZDG-93-4,Cl.O=C(NC[C@H]1CNC[C@H]1O)c1ccc2c(c1)CCC2,3,false
Z1020943668,O=C1Nc2ccccc2C1C1CCN(C(=O)C2CC(=O)N(c3ccc4c(c3)OCCO4)C2)CC1,0,true
Z1023598674,O=C(C1CCN(c2ccc3nncn3n2)CC1)N1CCCC(c2nc(-c3ccc(Cl)cc3)no2)C1,3,false
Z1711992926,Cn1c(=O)c2ccc(C(=O)N3CCCCC3c3cccc(C(F)(F)F)c3)nc2n(C)c1=O,3,true
Z1919904347,Cc1c(NC(=O)N2CCN(c3nccn4cnnc34)C(C)C2)noc1-c1ccccc1F,3,true
Z33046454,O=C(NNC(=O)c1cc(-c2ccccc2)n[nH]1)c1cccc(N2C(=O)c3ccccc3C2=O)c1,3,true
Z787494002,O=C(NC(c1ccccc1)c1nnn[nH]1)C1CCN(S(=O)(=O)c2ccc3c(c2)CCCC3)CC1,3,true
Z795991852,Cn1c(=O)c2ccccc2n2c(COC(=O)c3cccc(NC(=O)C4Cc5ccccc5O4)c3)nnc12,3,true
Z979336988,Cc1ccc2[nH]c(C3CCCN(C(=O)c4cccc(CN5C(=O)c6ccccc6C5=O)c4)C3)nc2c1,3,true
ZDG-049,NCCN1CCN(C(=O)C2CC(=O)N(c3ccccc3F)C2)CC1.O=C(O)C(F)(F)F.O=C(O)C(F)(F)F,0,false
